一级行业,二级行业,三级行业,四级行业,释义
能源,能源,油气开采与油田服务,油气开采,承包钻井服务的公司、钻机及钻井设备的制造商，以及向那些涉及石油与天然气井的钻探、评估和完井的公司提供用品和服务的公司。
能源,能源,油气开采与油田服务,油田服务,为油田的生产活动提供产品及技术服务的公司，不包括归类于“油气开采”子行业的钻井相关公司。
能源,能源,石油与天然气,综合性石油与天然气企业,从事石油及天然气勘探与生产，并且至少在以下某一领域有大量业务：炼制、营销、运输或者石油化工的综合性石油公司。
能源,能源,石油与天然气,燃油炼制,从事石油生产、炼制及销售相关产品的公司。
能源,能源,石油与天然气,天然气加工,从事天然气生产、加工及销售相关产品的公司。
能源,能源,石油与天然气,油气流通及其他,从事石油、天然气和/或炼制产品储存和运输的公司。包括石油和炼制产品管道公司、煤泥管道公司以及石油与天然气运输公司。
能源,能源,煤炭,煤炭,主要从事生产与开采煤以及相关产品。
能源,能源,煤炭,焦炭,主要从事生产炼焦煤、焦炭以及相关产品。
原材料,化工,农用化工,氮肥,主要从事生产含氮化肥的公司。
原材料,化工,农用化工,钾肥,主要从事生产含钾化肥的公司。
原材料,化工,农用化工,复合肥,主要从事生产含多种营养元素化肥的公司。
原材料,化工,农用化工,农药,主要从事生产农用杀虫剂的公司。
原材料,化工,农用化工,磷肥及磷化工,主要从事生产含磷化肥及其他磷化物的公司。
原材料,化工,化学纤维,锦纶与涤纶,主要从事生产锦纶和涤纶的公司。
原材料,化工,化学纤维,粘胶,主要从事生产粘胶纤维的公司。
原材料,化工,化学纤维,氨纶及其他化纤,主要从事生产氨纶及其他化学纤维的公司。
原材料,化工,化学原料,纯碱,主要从事生产纯碱及相关原料的公司。
原材料,化工,化学原料,氯碱,主要从事生产氯碱及相关原料的公司。
原材料,化工,化学原料,无机盐,主要从事生产无机盐及相关原料的公司。
原材料,化工,化学原料,钛白粉,主要从事生产钛白粉的公司。
原材料,化工,化学原料,其他化学原料,主要从事生产其他化学原料的公司。
原材料,化工,化学制品,民爆制品,主要从事生产民用爆破器材的公司，包含民用炸药、雷管及类似的火工产品。
原材料,化工,化学制品,涂料油墨,主要从事生产涂料和油漆的公司。
原材料,化工,化学制品,印染化学品,主要从事生产印染化学制品的公司。
原材料,化工,化学制品,氟化工,主要从事生产氟化物的公司。
原材料,化工,化学制品,有机硅,主要从事生产有机硅化合物的公司。
原材料,化工,化学制品,聚氨酯,主要从事生产聚氨酯的公司。
原材料,化工,化学制品,胶黏剂及胶带,主要从事生产胶黏剂及胶带的公司。
原材料,化工,化学制品,其他化学制品,主要从事生产其他化学制品（未归类于别处）的公司。
原材料,化工,塑料,改性塑料,主要从事生产改性塑料的公司。
原材料,化工,塑料,合成树脂,主要从事生产合成树脂的公司。
原材料,化工,塑料,膜材料,主要从事生产各类膜材料的公司。
原材料,化工,塑料,其他塑料制品,主要从事生产其他塑料制品（未归类于别处）的公司。
原材料,化工,橡胶,橡胶助剂,主要从事生产橡胶助剂的公司，包含炭黑。
原材料,化工,橡胶,橡胶制品,主要从事生产橡胶化学制品的公司，不包括生产轮胎的公司。
原材料,有色金属,工业金属,铜,铜及相关产品生产商，包括那些开采或加工铜矿的公司
原材料,有色金属,工业金属,铝,铝及相关产品生产商，包括那些开采或加工铝土矿的公司，但不包括归类于“建筑产品”子行业中那些主要从事生产铝建筑材料的公司。
原材料,有色金属,工业金属,铅锌,铅、锌及相关产品生产商，包括那些开采或加工铅锌矿的公司。
原材料,有色金属,工业金属,钴镍,钴、镍及相关产品生产商，包括那些开采或加工钴镍矿的公司。
原材料,有色金属,贵金属,黄金,黄金及相关产品生产商，包括那些开采或者加工黄金的公司，但不包括归类于“珠宝与奢侈品”子行业中贵金属加工公司。
原材料,有色金属,贵金属,其他贵金属,白银、铂金等贵金属及相关产品生产商，包括那些开采或者加工白银、铂金等贵金属的公司，但不包括归类于“珠宝与奢侈品”子行业中贵金属加工公司。
原材料,有色金属,稀有金属,稀土金属,主要从事稀土金属的生产与加工公司，包含镧系金属及与镧系金属性质相近的金属，包括那些磁性材料的生产商。
原材料,有色金属,稀有金属,钨钼,钨、钼及相关产品生产商，包括那些开采或加工钨钼矿的公司。
原材料,有色金属,稀有金属,锂,锂及相关产品生产商，包括那些开采或加工锂矿的公司。
原材料,有色金属,稀有金属,其他稀有金属,主要从事其他稀有金属（未归类于别处）的生产与加工公司。
原材料,有色金属,其他有色金属及合金,钛,钛及相关产品生产商，包括那些开采或加工钛矿的公司，不包括生产钛白粉的公司。
原材料,有色金属,其他有色金属及合金,其他有色金属及合金,主要从事汞等其他有色金属（未归类于别处）的生产与加工公司。
原材料,钢铁,钢铁,普钢,普通钢材及相关产品生产商。
原材料,钢铁,钢铁,特钢,特殊钢材及相关产品生产商。
原材料,钢铁,钢铁,其他钢铁,铁矿石、炼钢辅料及管材等其他钢铁材料（未归类于别处）生产商。
原材料,非金属材料,建筑材料,水泥与混凝土,主要从事生产水泥与混凝土相关产品的公司，包括生产沥青的公司。
原材料,非金属材料,建筑材料,玻璃,主要从事生产建筑玻璃的公司。
原材料,非金属材料,其他非金属材料,玻璃纤维,主要从事生产玻璃纤维的公司。
原材料,非金属材料,其他非金属材料,其他非金属材料,主要从事生产碳素制品等其他非金属材料的公司，不包括那些归类于“建筑产品”子行业中专门制造装饰石材的公司。
原材料,造纸与包装,容器与包装,金属、玻璃与塑料包装,金属、玻璃、塑料或者其他非纸材料的包装容器（包括塞子和盖子）制造商，不包括“医疗耗材”子行业中生产药瓶的公司。
原材料,造纸与包装,容器与包装,纸材料包装,包装用纸和纸板容器制造商。
原材料,造纸与包装,纸类与林业产品,林业产品,木材及相关木材制品（包括建筑木材）制造商。
原材料,造纸与包装,纸类与林业产品,纸制品,各类等级印刷纸张的制造商。不包括那些归类于“纸材料包装”子行业中专门从事纸制包装的公司。
工业,航空航天与国防,航空航天,航空,民用或军用航空装备、零部件、产品及服务的供应商。
工业,航空航天与国防,航空航天,航天,民用或军用航天装备、零部件、产品及服务的供应商。
工业,航空航天与国防,国防装备,国防装备,国防装备、零部件或产品（未归类于“航空”、“航天”子行业）的制造商。
工业,建筑装饰,建筑与工程,房屋建设,指房屋工程主体的施工活动。
工业,建筑装饰,建筑与工程,基础设施建设,指基础设施工程主体的施工活动。
工业,建筑装饰,建筑与工程,园林工程,指园林工程主体的施工及前期勘察设计活动。
工业,建筑装饰,建筑与工程,专业工程,指化学工程等专业工程主体的施工活动，以及钢制建筑结构的制造商。
工业,建筑装饰,建筑与工程,建筑设计及服务,指提供建筑规划、咨询、设计、监理等专业服务的公司。
工业,建筑装饰,建筑装修,建筑装修,指对建筑工程后期的装饰、装修和清理活动，包括提供室内改造与装修服务的公司。
工业,建筑装饰,建筑产品,建筑产品,制造建筑组件、家庭装潢用品及设备的公司。不包括归类于“林业产品”子行业中的木材和胶合板以及归类于“建筑材料”子行业中的材料。
工业,电力设备,发电设备,光伏设备,太阳能发电设备及部件的制造商。
工业,电力设备,发电设备,风电设备,风能发电设备及部件的制造商。
工业,电力设备,发电设备,其他发电设备,火力发电、水力发电、原子能发电等其他发电设备及部件的制造商。不包括归类于“固废处理”行业的垃圾焚烧发电设备。
工业,电力设备,电网设备,电网自动化,生产电气仪表与电网自动化设备及部件的公司。
工业,电力设备,电网设备,输变电设备,生产电力传输所需设备及部件的公司。不包括归类于“线缆及其他”子行业的线缆和输电钢塔。
工业,电力设备,电网设备,配电设备,生产配电设备及部件的公司。
工业,电力设备,电网设备,线缆及其他,生产线缆与其他电网设备及部件的公司。
工业,电力设备,储能设备,电池,生产电池的公司。
工业,电力设备,储能设备,电池部件及材料,生产电池制造所需材料与部件的公司。
工业,电力设备,储能设备,其他储能设备,生产工业电源及其他储能设备（如应急电源）的公司。
工业,机械制造,通用机械,加工机械,主要从事制造用于加工各类材料（如金属、木材、玻璃、塑料）的机械设备，但不包括归类于“磨具磨料”子行业中专门生产磨具磨料的公司与归类于“电动机与工控自动化”子行业中专门生产数控机床的公司。
工业,机械制造,通用机械,动力机械,主要从事制造用于机械动能生产与传递的机械设备。包括但不限于齿轮、减速器、锅炉、燃机以及轴承。
工业,机械制造,通用机械,气液机械,主要从事制造用于气液传输、控制、压力、动力的机械设备。包括但不限于气体压缩机、阀门旋塞、泵以及液（气）压机械。
工业,机械制造,通用机械,电动机与工控自动化,主要从事制造电动机械与工业控制自动化设备。
工业,机械制造,通用机械,仪器仪表,主要从事制造用以检出、测量、观察、计算各种物理量、物质成分、物性参数等的仪器仪表的公司。不包括归类于“电网自动化”子行业的电气仪表制造商。
工业,机械制造,通用机械,磨具磨料,主要从事制造磨料产品和磨具产品。
工业,机械制造,通用机械,其他通用机械,主要从事制造其他用途广泛的机械零部件（未列入其他行业）。包括但不限于密封件、紧固件以及弹簧。
工业,机械制造,专用机械,工程机械,主要从事制造用于工程施工活动的机械设备。不包括归类于“商用车”行业的重型卡车。
工业,机械制造,专用机械,采矿冶金机械,主要从事制造用于采矿、冶金生产活动的机械设备。
工业,机械制造,专用机械,化工机械,主要从事制造用于化工生产活动的机械设备。
工业,机械制造,专用机械,印刷包装机械,主要从事制造用于印刷包装生产活动的机械设备，包括造纸专用机械的制造商。
工业,机械制造,专用机械,纺织服装机械,主要从事制造用于纺织服装生产活动的机械设备。
工业,机械制造,专用机械,农业机械,指在作物种植业和畜牧业等农业生产过程中，以及农、畜产品初加工和处理过程中所使用的各种机械设备。
工业,机械制造,专用机械,楼宇设备,主要从事制造用于楼宇的机械设备，包含电梯、风机等产品。
工业,机械制造,专用机械,其他专用机械,主要从事制造专用于电子、电池、汽车等特定行业生产活动的机械设备（未列入其他行业）。
工业,机械制造,交通运输设备,城轨铁路,主要从事制造与城市轨道、铁路相关的机械设备。
工业,机械制造,交通运输设备,船舶及其他航运设备,主要从事制造船舶等航运相关的机械设备。
工业,机械制造,交通运输设备,商用车,主要从事制造与商用车相关的机械设备，包括重型卡车、商用货车、商用客车等产品。
工业,机械制造,工业集团企业,工业集团企业,同时在三个或更多经济领域内经营，但没有单个业务贡献一半以上收入的各种工业企业。企业所持有的股权主要是控股性质，并且股东乐于参与子公司的经营。
工业,环保,污染治理,固废处理,提供用于固体废物处理的设备、产品及服务的公司。包含垃圾焚烧发电设备及相关服务，但不包括归类于“节能与资源回收”行业的公司。
工业,环保,污染治理,污水处理,提供用于水污染防治的设备、产品及服务的公司。不包括“水务”行业下的污水治理公司。
工业,环保,污染治理,烟气治理,提供用于大气污染防治的设备、产品及服务的公司。
工业,环保,节能与生态修复,节能与资源回收,提供废弃能源、资源综合利用相关产品及服务的公司，包括主要从事废弃金属回收生产的公司。
工业,环保,节能与生态修复,环境监测,提供环境监测相关产品及服务的公司。
工业,环保,节能与生态修复,生态修复,提供生态修复相关产品及服务的公司。
工业,商业服务与用品,商业服务与用品,商业印刷,提供商业印刷服务的公司，包括那些主要服务于传媒业的印刷公司。
工业,商业服务与用品,商业服务与用品,市场服务,主要从事对专业批发等市场进行投资、开发、建设、经营和管理的公司。
工业,商业服务与用品,商业服务与用品,办公服务与用品,提供办公服务的公司以及制造办公用品和设备（未归类于别处）的公司。
工业,商业服务与用品,商业服务与用品,贸易商,各类大宗商品贸易公司以及设备和产品的经销商。
工业,商业服务与用品,商业服务与用品,其他商业服务与用品,主要向企业和政府提供商业、工业和专业服务（未归类于别处）的公司。这些服务包括会展服务、商业清洁服务、咨询服务、设备维修服务、安全与报警服务以及统一租赁服务。
工业,交通运输,运输业,快递,主要从事在承诺的时限内快速完成寄递服务的公司。
工业,交通运输,运输业,物流综合,从事货物流通服务的公司，包括供应链管理公司，但不包括归类于“快递”、“航空运输”、“航运”、“铁路运输”、“公路运输”子行业的公司。
工业,交通运输,运输业,航空运输,提供航空客运或者货运服务的公司。
工业,交通运输,运输业,航运,提供水上客运和货运服务及相关辅助服务的公司。
工业,交通运输,运输业,铁路运输,主要提供铁路客运和货运服务及相关辅助服务的公司。
工业,交通运输,运输业,公路运输,主要提供公路客运和货运服务及相关辅助服务的公司，包括出租车公司。
工业,交通运输,运输业,公共交通,指从事城市范围内定线运营的公共汽车及轨道交通、渡轮、索道等交通业务的公司。
工业,交通运输,交通基本设施,机场,机场经营商以及提供相关服务的公司。
工业,交通运输,交通基本设施,港口,港口的业主和经营商。
工业,交通运输,交通基本设施,铁路,铁路的业主和经营商。
工业,交通运输,交通基本设施,高速公路,高速公路的业主和经营商。
可选消费,乘用车及零部件,汽车零部件与轮胎,汽车系统部件,生产汽车零部件中发动、传动、制动、转向、行驶、冷却等系统相关产品的制造商。
可选消费,乘用车及零部件,汽车零部件与轮胎,汽车内饰与外饰,生产汽车零部件中内饰与外饰的制造商。
可选消费,乘用车及零部件,汽车零部件与轮胎,汽车电子,生产汽车零部件中汽车电子相关产品的制造商。
可选消费,乘用车及零部件,汽车零部件与轮胎,轮胎,生产汽车轮胎的制造商。
可选消费,乘用车及零部件,汽车零部件与轮胎,其他汽车零部件,生产轮毂等其他汽车零部件（未归类于别处）的制造商。
可选消费,乘用车及零部件,乘用车,乘用车,主要生产用于载运乘客及其随身行李和/或临时物品的汽车。不包括归类于“摩托车及其他”子行业中那些主要生产摩托车及电瓶车的公司，也不包括那些归类于“农业机械”、“商用车”子行业中专门生产拖拉机和商用客运车辆的公司。
可选消费,乘用车及零部件,摩托车及其他,摩托车及其他,生产摩托车、电瓶车等其他个人交通设备的公司，不包括归类于“休闲设备与用品”子行业中专门生产自行车的公司。
可选消费,乘用车及零部件,汽车经销商与汽车服务,汽车经销商,汽车经销商，包括汽车整车销售商与汽车零部件销售商。
可选消费,乘用车及零部件,汽车经销商与汽车服务,汽车服务,汽车维修以及护理服务提供商、汽车租赁服务提供商，也包括加油站以及其他汽车服务提供商。
可选消费,耐用消费品,家用电器,白色家电,主要从事制造空调、冰箱、洗衣机等用于替代人力家务劳动或改善物质生活水平的家用电器，不包括归类于“小家电”子行业中的公司。
可选消费,耐用消费品,家用电器,黑色家电,主要从事制造电视机、音响、音箱等能够提供娱乐的家用电器。不包括归类于“消费电子终端”子行业中生产耳机、可穿戴设备的公司。
可选消费,耐用消费品,家用电器,小家电,主要从事制造功率和体积相对较小的家电，包括豆浆机、投影仪、电动牙刷、扫地机器人等产品。
可选消费,耐用消费品,家用电器,照明电器,主要从事制造各种家用照明灯具。
可选消费,耐用消费品,家用电器,厨卫电器,主要从事制造用于厨房和浴室的大型家电。不包括归类于“小家电”子行业中的公司。
可选消费,耐用消费品,家用电器,家电零部件及其他,主要从事制造家电零部件及其他家电的公司（未列入其他行业）。
可选消费,耐用消费品,家居,家具,主要从事制造具有坐卧、凭倚、贮藏、间隔等功能的家具，包括沙发、柜子、桌椅等产品。
可选消费,耐用消费品,家居,其他家居,主要从事制造家具以外的家居产品，包括家用五金、餐厨用具、家居装饰品、园艺用具等产品。
可选消费,耐用消费品,休闲设备与用品,休闲设备与用品,休闲设备与用品的制造商，包括体育用品、健身器材、自行车、乐器和玩具等产品。
可选消费,纺织服装与珠宝,纺织服装,纺织品,纺织品及相关产品制造商，如棉纺、毛纺、印染织物等（未列入其他行业）。
可选消费,纺织服装与珠宝,纺织服装,服装,服装制造商，不包括归类于“鞋帽与配饰”子行业中的公司。
可选消费,纺织服装与珠宝,纺织服装,鞋帽与配饰,主要生产鞋类、帽类、箱包、服装配饰等与服装相搭配的配件。不包括归类于“珠宝与奢侈品”子行业的公司。
可选消费,纺织服装与珠宝,纺织服装,家用纺织,主要从事制造家用纺织品，如床上用品、窗帘、地毯等。
可选消费,纺织服装与珠宝,珠宝与奢侈品,珠宝与奢侈品,主要生产名设计师手提包、皮夹、行李箱、珠宝和手表等贵重商品的公司。
可选消费,消费者服务,休闲服务,景点,主要从事对旅游景点的开发建设和经营管理以及提供景区相关服务的公司。
可选消费,消费者服务,休闲服务,旅游服务,从事旅行社、旅行团运营商以及相关的服务的公司。包含在线旅游代理商。不包括归类于“旅游零售”子行业中的公司。
可选消费,消费者服务,休闲服务,酒店,酒店的业主和运营商。不包括归类于“博彩”子行业中的赌场酒店。
可选消费,消费者服务,休闲服务,餐饮服务,餐馆、酒吧、快餐或者外卖服务设施的业主和运营商。包括提供外勤饮食供应服务的公司。不包括归类于“本地生活服务”子行业中的公司。
可选消费,消费者服务,休闲服务,本地生活服务,主要提供餐饮、生活服务、休闲娱乐等商家服务信息聚合服务的平台型公司。
可选消费,消费者服务,休闲服务,博彩,从事博彩业务的公司。
可选消费,消费者服务,休闲服务,其他休闲服务,体育与游乐设施的业主和运营商和其他休闲服务提供商，包括体育运动中心、健身中心、体育场、高尔夫球场、游乐园设施、赛事运营等。
可选消费,消费者服务,教育服务,学历教育,提供学历教育的公司。
可选消费,消费者服务,教育服务,培训教育及其他,提供培训教育及其他教育服务的公司。包括学前教育、职业教育、课外培训、教育咨询及运营服务等。
可选消费,消费者服务,其他消费者服务,其他消费者服务,未归类于别处的提供消费者服务的公司。 包括家居服务、宠物医疗服务、家庭安全、法律服务、个人服务、消费者拍卖以及婚葬服务等。
可选消费,零售业,一般零售,百货商店,百货商店的业主和运营商。
可选消费,零售业,一般零售,超市与便利店,超市、大卖场以及出售食品和各类消费品的便利店。
可选消费,零售业,专营零售,专营零售,专门经营某一大类商品（如家用电器、家具等）为主的专业专卖店。
可选消费,零售业,旅游零售,旅游零售,通过旅游分销渠道(如机场免税店、航空公司、渡轮、邮轮、铁路、市区免税店等)内的商店进行商品交易的零售商。
可选消费,零售业,互联网零售,互联网零售,通过互联网提供零售服务的公司（未归类于别处）。
主要消费,食品、饮料与烟草,酒,白酒,生产白酒的公司。
主要消费,食品、饮料与烟草,酒,啤酒,生产啤酒和麦芽酒的公司。
主要消费,食品、饮料与烟草,酒,黄酒,生产黄酒的公司。
主要消费,食品、饮料与烟草,酒,葡萄酒及其他,生产葡萄酒以及其他酒精饮料的公司。
主要消费,食品、饮料与烟草,软饮料,软饮料,生产包含矿泉水在内的不含酒精饮料的公司。不包括归类于“乳制品”子行业中的液体乳生产商。
主要消费,食品、饮料与烟草,食品,肉制品,生产肉类、禽类和鱼类包装食品的公司。
主要消费,食品、饮料与烟草,食品,调味品与食用油,生产调味品、食用油的公司，包含火锅调料等复合调味料的制造商。
主要消费,食品、饮料与烟草,食品,乳制品,生产乳制品的公司，包含牛奶及酸奶、固态乳制品。
主要消费,食品、饮料与烟草,食品,休闲食品,生产休闲食品的公司，包括膨化食品、巧克力与糖果、卤制品、饼干糕点、坚果炒货等产品。
主要消费,食品、饮料与烟草,食品,其他食品,生产未归类于别处的其他食品的公司，包含速冻食品、保健食品、食品添加剂等产品。
主要消费,食品、饮料与烟草,烟草,烟草,香烟及其他烟草产品制造商。
主要消费,农牧渔,种植,农产品,从事各种农作物种植及加工活动的公司。不包括归类于“饲料”、“调味品与食用油”子行业中的公司。
主要消费,农牧渔,种植,种业,生产农作物种子的公司。
主要消费,农牧渔,养殖,饲料,生产动物饲养活动所需饲料及添加剂的公司。不包括归类于“家庭用品”子行业中的宠物食品生产商。
主要消费,农牧渔,养殖,动物保健与育种,提供动物饲养活动所需保健与育种用品及服务的公司，包含动物疫苗、兽药、育种服务等。不包括归类于“其他消费者服务”子行业中的宠物医院。
主要消费,农牧渔,养殖,畜牧产品,为了获得各种畜禽产品而从事动物饲养活动的公司。
主要消费,农牧渔,养殖,渔业产品,从事各种水生动植物的养殖捕捞和加工活动的公司。
主要消费,家庭与个人用品,家庭用品,家庭用品,生产洗涤剂、肥皂、宠物食品以及卫生巾、纸尿裤等卫生纸品在内的家庭非耐用消费品的公司。
主要消费,家庭与个人用品,美容护理,美容护理,生产包括化妆品、护肤品、香水、假发等在内的美容护理用品的公司。
医药卫生,医疗,医疗器械,医疗设备,生产医疗设备的公司。包括监护设备、手术设备、康复设备、诊断仪器等医院设备；也包括血压仪、体温计、血糖仪和轮椅等家用设备。
医药卫生,医疗,医疗器械,医疗耗材,生产医疗耗材的公司。包括心脏支架、医美用品、眼科骨科耗材、透析产品、医用手套、口罩、注射器、采血针管等。
医药卫生,医疗,医疗器械,体外诊断,生产体外诊断设备及配套试剂的公司，包括在疾病的预测、预防、诊断、治疗监测、预后观察和健康状态评价的过程中，用于人体样本体外检测的试剂、试剂盒、校准品、质控品等产品，也包括提供基因检测相关服务的公司。
医药卫生,医疗,医疗商业与服务,医疗服务,提供病人保健护理服务（未归类于别处）的公司。包括医院、疗养院、康复中心、以及透析中心和药房管理服务。
医药卫生,医疗,医疗商业与服务,医药商业,药品与医疗用品的经销商和批发商。
医药卫生,医药,生物药品,血液制品,主要从事研究、开发、制造、销售血液制品的公司。
医药卫生,医药,生物药品,疫苗,主要从事研究、开发、制造、销售各类疫苗的公司。
医药卫生,医药,生物药品,其他生物药品,主要从事研究、开发、制造、销售其他生物药品（如多肽类、蛋白类、酶类药物）的公司，包括生物药原辅料的制造商。
医药卫生,医药,化学药,原料药,指供进一步加工化学药品制剂所需的原料药生产的公司，包括药品辅料的制造商。
医药卫生,医药,化学药,药品制剂,主要从事生产直接用于人体疾病防治的化学药品制剂的公司。
医药卫生,医药,中药,中药饮片,指对采集的天然或人工种植、养殖的动物、植物和矿物的药材部位进行加工、炮制，使其符合中药处方调剂或中成药生产使用的公司。
医药卫生,医药,中药,中成药,主要从事生产指直接用于人体疾病防治的传统中药的公司。
医药卫生,医药,制药与生物科技服务,制药与生物科技服务,通过提供分析工具、仪器、医疗消耗品及用品、临床试验服务和承包研究服务而促进药物发明、开发和生产的公司，为制药和生物技术行业的上游，为其提供专业服务与产品。
金融,银行,商业银行,综合性银行,主要业务为商业信贷并有大量零售银行业务和中小企业信贷业务的商业银行。不包括那些归类于“区域性银行”和“抵押信贷机构”子行业中的银行。
金融,银行,商业银行,区域性银行,主要业务为商业信贷并有大量零售银行业务和中小企业信贷业务的商业银行。区域银行倾向于在有限的地理区域内经营业务。不包括那些归类于“综合性银行”、“抵押信贷机构”子行业中的公司。
金融,银行,抵押信贷机构,抵押信贷机构,提供抵押贷款以及抵押贷款相关服务的金融机构。包括那些其资产主要与抵押贷款相关的金融机构、储蓄与贷款、抵押的政府资助企业（GSE）、抵押贷款机构、建房互助协会以及向抵押银行提供保险的公司。
金融,其他金融,其他金融服务,多领域投资,在三个或更多领域同时持有股份的公司，其在任何一个领域的利润和/或销售额都不超过总额的一半，所持有的股权主要是非控股性质。不包括那些归类于“工业集团企业”子行业中的各类公司。
金融,其他金融,其他金融服务,特殊金融服务,特殊金融服务提供商。包括征信机构、金融租赁和小规模专业金融机构。归类于本子行业中的公司其大部分收益来源于某一特殊业务种类。
金融,其他金融,其他金融服务,其他综合性金融服务,提供各色金融服务和/或那些在众多金融服务领域获取收益但没有主要业务种类的公司，这些领域包括银行服务、保险和资本市场。
金融,其他金融,消费信贷,消费信贷,消费信贷服务提供商，包括个人信贷、信用卡、租赁融资、旅行相关的金融服务以及当铺。不包括那些归类于“抵押信贷机构”子行业中的抵押贷款商。
金融,资本市场,证券公司,证券公司,主要从事投资银行与经纪业务的金融机构，包括股票和债务承销、合并、收购、证券租借和咨询业务。
金融,资本市场,其他资本市场,资产管理,主要从事投资管理和/或与其相关的有偿托管和证券业务。包括经营共同基金和封闭式基金、私募基金的公司以及单位信托公司、保险资管机构等。不包括那些主要从事商业贷款、投资银行业、经纪业和其他特殊金融业务的银行和金融机构。
金融,资本市场,其他资本市场,金融交易所与数据,主要提供证券、商品、衍生品以及其他金融工具的金融交易服务和提供金融决策支持工具和产品的公司，不包括那些归类于“行业应用软件”子行业中的金融软件开发公司。
金融,资本市场,其他资本市场,其他资本市场,主要从事其他资本市场业务（未归类于别处）的金融机构，包含期货公司。
金融,保险,保险,人寿与健康保险,主要提供人寿、残疾、损失补偿或者补充健康保险的公司。
金融,保险,保险,多元化保险,提供人寿、健康、财产及意外伤害保险业务的保险公司。
金融,保险,保险,财产与意外伤害保险,主要提供财产及意外伤害保险业务的保险公司。
金融,保险,保险,再保险,主要提供再保险业务的公司。
金融,保险,保险,保险经纪商,保险和再保险经纪商。
信息技术,计算机,软件开发,通用软件,主要从事通用软件的开发，包括操作系统、数据库、中间件、测试工具软件等基础软件，软件开发过程中使用到的支撑软件，以及非适用于特定行业的通用应用软件。
信息技术,计算机,软件开发,行业应用软件,主要从事为特定行业（如金融、教育、医疗等行业）开发垂直领域的专业应用软件。
信息技术,计算机,信息技术服务,系统集成服务,提供系统集成服务的公司。不包括归类于“通信技术服务”、“其他IT与互联网服务”子行业中的公司。
信息技术,计算机,信息技术服务,云计算服务,提供云计算服务的公司。不包括归类于“数据中心”子行业中提供互联网数据中心规划、建设及运营服务的公司。
信息技术,计算机,信息技术服务,其他IT与互联网服务,未归类于别处的其他信息技术与互联网服务提供商，包含IT咨询服务、IT外包服务、IT支持与维护服务、产业互联网、其他互联网服务等。
信息技术,电子,电子终端及组件,电脑与外围设备,生产电脑、服务器及其外围设备的公司。包括键盘、鼠标、打印机、数据存储部件、母板、声卡、显卡、网卡等。不包括归类于“消费电子终端”子行业中的手机制造商。
信息技术,电子,电子终端及组件,消费电子终端,生产消费电子终端的公司，包含手机、耳机、可穿戴设备等。
信息技术,电子,电子终端及组件,消费电子组件及零部件,生产消费电子组件及零部件的公司。
信息技术,电子,电子终端及组件,安防设备及其他,生产安防设备、金融终端等电子终端及相关配件的公司。
信息技术,电子,电子元件,印制电路板,生产印制电路板的公司，还包括提供其生产所需的铜箔、覆铜板等主要原材料的公司。
信息技术,电子,电子元件,被动元件,生产被动元件的公司，包括电容、电阻、电感等。
信息技术,电子,光学光电子,面板,生产显示面板材料与模组以及显示面板的公司，不包括归类于“LED”子行业专门生产LED显示屏的公司。
信息技术,电子,光学光电子,LED,从事LED芯片制造、封装以及LED商用产品生产的公司。
信息技术,电子,光学光电子,光学元件,生产各类光学元件的公司，包括滤光片、光学镜片等。
信息技术,电子,电子化学品,电子化学品,生产电子化学品及其他电子材料的公司。
信息技术,电子,其他电子,其他电子,未归类于别处的其他电子相关产品的制造商。
信息技术,半导体,集成电路,集成电路设计,主要从事集成电路设计的公司。
信息技术,半导体,集成电路,集成电路制造,主要从事集成电路制造的公司，不包含归类于“LED”子行业中从事LED芯片制造的公司。
信息技术,半导体,集成电路,集成电路封测,主要从事集成电路封测的公司。不包含归类于“LED”子行业中从事LED芯片封测的公司。
信息技术,半导体,分立器件,分立器件,生产分立器件的公司。不包含归类于“电子元件”、“光学光电子”行业下的公司。
信息技术,半导体,半导体材料与设备,半导体材料,生产用于半导体制程中的材料的公司，包括衬底材料（硅、锗、复合半导体材料等）、工艺材料（靶材、抛光材料、光刻胶、掩膜版、电子气体、湿电子化学品等）以及封装材料（硅微粉、焊锡球、划片刀等）。
信息技术,半导体,半导体材料与设备,半导体设备,包括应用于半导体制造和封测流程的设备，也包括半导体材料生产设备（如单晶炉、多晶炉等）。
通信服务,电信服务,电信运营服务,电信运营服务,主要指固定电话网络运营商以及提供无线和固话电信业务（未归类于别处）的公司。
通信服务,电信服务,电信增值服务,电信增值服务,在公共电信网络基础设施提供附加的电信与信息服务业务的公司，如国内互联网虚拟专用网、互联网接入服务、电信与信息服务等。不包含归类于“数据中心”子行业下的公司。
通信服务,通信设备及技术服务,通信设备,通信终端设备及组件,通信终端设备及配件的制造商，包括有线通信终端设备（电话机、传真机等）、移动通信终端设备（对讲机等）以及物联网终端（智能卡、电子标签等）。
通信服务,通信设备及技术服务,通信设备,通信系统设备及组件,指固定或移动通信接入、传输、交换设备等通信系统建设所需设备及配件的制造。包括局域网、广域网、路由器、交换机等。
通信服务,通信设备及技术服务,数据中心,数据中心,指互联网基础设施的相关产品及服务，包含数据中心的规划、建设及运营服务，CDN服务等。
通信服务,通信设备及技术服务,通信技术服务,通信技术服务,为通信设备商提供技术服务的公司，包括通信网络规划设计、通信网络覆盖优化与运维、通信网络工程施工等。
通信服务,传媒,营销与广告,数字营销,借助于互联网、移动通信技术以及数字交互式媒体来提供广告、营销或者公共关系服务的公司。
通信服务,传媒,营销与广告,其他广告营销,不借助于互联网等方式提供广告、营销或者公共关系服务的公司。
通信服务,传媒,文化娱乐,影视动漫,从事制作、发行、播出、销售电影、影视、动漫相关产品与服务的公司。
通信服务,传媒,文化娱乐,游戏,互动游戏产品的制作商和分销商，包括手机游戏。
通信服务,传媒,文化娱乐,出版,报纸、杂志和书籍出版商，以印刷或电子格式提供信息的提供商，包括数字出版。
通信服务,传媒,文化娱乐,广播与电视,提供电视或广播节目的制作、播放及其他相关活动，包括互联网电视。
通信服务,传媒,数字媒体,音频媒体,依托互联网作为内容传播途径的音频内容服务提供商。
通信服务,传媒,数字媒体,视频媒体,依托互联网作为内容传播途径的视频内容服务提供商。
通信服务,传媒,数字媒体,图文媒体,依托互联网作为内容传播途径的图片及文字内容服务提供商。
通信服务,传媒,数字媒体,互动媒体,通过专有平台从事内容和信息创建或分销的公司。包括搜索引擎，社交媒体和网络平台。不包括归类于“互联网零售”子行业中经营网上零售平台的公司。
通信服务,传媒,数字媒体,其他数字媒体,其他依托互联网来传播内容（未归类于别处）服务提供商。
公用事业,公用事业,电力及电网,火电,火力发电公司。
公用事业,公用事业,电力及电网,水电,水力发电公司。
公用事业,公用事业,电力及电网,核电,核能发电公司。
公用事业,公用事业,电力及电网,风电,风能发电公司。
公用事业,公用事业,电力及电网,光伏发电,太阳能发电公司。
公用事业,公用事业,电力及电网,其他能源发电,使用其他能源的电力生产商，包括沼气、生物质能、地热、潮汐发电。
公用事业,公用事业,电力及电网,电网,电网以及电力专业销售贸易公司和/或综合性能源商。
公用事业,公用事业,燃气,燃气,包括主要任务为配送天然气和人工煤气的公司。不包括那些归类于“天然气加工”子行业中主要从事天然气勘探和生产的公司，也不包括那些归类于“油气流通及其他”子行业中的各类处于市场中游的天然气公司。
公用事业,公用事业,水务,水务,购买水后再把水配送给最终消费者的公司，包括大型水处理系统。
公用事业,公用事业,市政环卫,市政环卫,提供城市环境卫生管理服务的公司。
公用事业,公用事业,供热及其他,供热及其他,提供供热服务或其他公用事业的公司。
房地产,房地产,房地产开发与园区,房地产开发,从事房地产开发的公司，不包括园区开发的公司。
房地产,房地产,房地产开发与园区,园区,从事园区开发的公司。
房地产,房地产,房地产管理与服务,房地产管理,从事房地产管理的公司。
房地产,房地产,房地产管理与服务,房地产服务,从事房地产出租、销售、代理、中介和评估等服务的公司。
房地产,房地产,房地产投资信托(REITs),房地产投资信托(REITs),房地产投资信托(REITs)。
