Ticker,Name,Sector,Asset Class,Market Value,Weight (%),Notional Value,Shares,Price,Location,Exchange,Currency,FX Rate,Market Currency,Accrual Date
AAPL,APPLE INC,Information Technology,Equity,"9,188,668,313.24",13.1,"9,188,668,313.24","49,221,493.00",186.68,United States,NASDAQ,USD,1.0,USD,-
MSFT,MICROSOFT CORP,Information Technology,Equity,"8,223,532,917.88",11.72,"8,223,532,917.88","24,546,394.00",335.02,United States,NASDAQ,USD,1.0,USD,-
AMZN,AMAZON COM INC,Consumer Discretionary,Equity,"3,843,075,869.10",5.48,"3,843,075,869.10","29,715,270.00",129.33,United States,NASDAQ,USD,1.0,USD,-
NVDA,NVIDIA CORP,Information Technology,Equity,"3,307,926,083.44",4.72,"3,307,926,083.44","7,837,016.00",422.09,United States,NASDAQ,USD,1.0,USD,-
GOOGL,ALPHABET INC CLASS A,Communication,Equity,"2,397,835,617.12",3.42,"2,397,835,617.12","19,599,768.00",122.34,United States,NASDAQ,USD,1.0,USD,-
TSLA,TESLA INC,Consumer Discretionary,Equity,"2,335,117,735.00",3.33,"2,335,117,735.00","9,100,225.00",256.60,United States,NASDAQ,USD,1.0,USD,-
META,META PLATFORMS INC CLASS A,Communication,Equity,"2,106,367,926.78",3.0,"2,106,367,926.78","7,295,286.00",288.73,United States,NASDAQ,USD,1.0,USD,-
GOOG,ALPHABET INC CLASS C,Communication,Equity,"2,089,574,539.98",2.98,"2,089,574,539.98","16,985,649.00",123.02,United States,NASDAQ,USD,1.0,USD,-
LLY,ELI LILLY,Health Care,Equity,"1,280,708,701.92",1.83,"1,280,708,701.92","2,791,188.00",458.84,United States,New York Stock Exchange Inc.,USD,1.0,USD,-
UNH,UNITEDHEALTH GROUP INC,Health Care,Equity,"1,229,871,996.00",1.75,"1,229,871,996.00","2,578,348.00",477.00,United States,New York Stock Exchange Inc.,USD,1.0,USD,-
V,VISA INC CLASS A,Financials,Equity,"1,226,039,863.90",1.75,"1,226,039,863.90","5,341,058.00",229.55,United States,New York Stock Exchange Inc.,USD,1.0,USD,-
AVGO,BROADCOM INC,Information Technology,Equity,"1,106,816,148.90",1.58,"1,106,816,148.90","1,346,246.00",822.15,United States,NASDAQ,USD,1.0,USD,-
MA,MASTERCARD INC CLASS A,Financials,Equity,"1,050,978,707.77",1.5,"1,050,978,707.77","2,767,117.00",379.81,United States,New York Stock Exchange Inc.,USD,1.0,USD,-
HD,HOME DEPOT INC,Consumer Discretionary,Equity,"1,004,776,090.35",1.43,"1,004,776,090.35","3,340,235.00",300.81,United States,New York Stock Exchange Inc.,USD,1.0,USD,-
ABBV,ABBVIE INC,Health Care,Equity,"791,081,040.32",1.13,"791,081,040.32","5,820,196.00",135.92,United States,New York Stock Exchange Inc.,USD,1.0,USD,-
COST,COSTCO WHOLESALE CORP,Consumer Staples,Equity,"766,330,083.40",1.09,"766,330,083.40","1,461,235.00",524.44,United States,NASDAQ,USD,1.0,USD,-
ADBE,ADOBE INC,Information Technology,Equity,"732,518,558.40",1.04,"732,518,558.40","1,511,220.00",484.72,United States,NASDAQ,USD,1.0,USD,-
ACN,ACCENTURE PLC CLASS A,Information Technology,Equity,"621,922,748.26",0.89,"621,922,748.26","2,083,982.00",298.43,United States,New York Stock Exchange Inc.,USD,1.0,USD,-
NFLX,NETFLIX INC,Communication,Equity,"613,248,253.44",0.87,"613,248,253.44","1,446,272.00",424.02,United States,NASDAQ,USD,1.0,USD,-
PEP,PEPSICO INC,Consumer Staples,Equity,"584,204,165.07",0.83,"584,204,165.07","3,139,701.00",186.07,United States,NASDAQ,USD,1.0,USD,-
CRM,SALESFORCE INC,Information Technology,Equity,"494,517,615.33",0.7,"494,517,615.33","2,353,837.00",210.09,United States,New York Stock Exchange Inc.,USD,1.0,USD,-
TMO,THERMO FISHER SCIENTIFIC INC,Health Care,Equity,"410,872,652.74",0.59,"410,872,652.74","783,794.00",524.21,United States,New York Stock Exchange Inc.,USD,1.0,USD,-
INTU,INTUIT INC,Information Technology,Equity,"407,869,615.79",0.58,"407,869,615.79","900,991.00",452.69,United States,NASDAQ,USD,1.0,USD,-
KO,COCA-COLA,Consumer Staples,Equity,"389,927,109.60",0.56,"389,927,109.60","6,371,358.00",61.20,United States,New York Stock Exchange Inc.,USD,1.0,USD,-
ISRG,INTUITIVE SURGICAL INC,Health Care,Equity,"376,957,703.60",0.54,"376,957,703.60","1,151,860.00",327.26,United States,NASDAQ,USD,1.0,USD,-
SBUX,STARBUCKS CORP,Consumer Discretionary,Equity,"365,920,288.14",0.52,"365,920,288.14","3,720,971.00",98.34,United States,NASDAQ,USD,1.0,USD,-
NOW,SERVICENOW INC,Information Technology,Equity,"364,611,269.12",0.52,"364,611,269.12","671,488.00",542.99,United States,New York Stock Exchange Inc.,USD,1.0,USD,-
QCOM,QUALCOMM INC,Information Technology,Equity,"363,943,217.61",0.52,"363,943,217.61","3,208,527.00",113.43,United States,NASDAQ,USD,1.0,USD,-
LMT,LOCKHEED MARTIN CORP,Industrials,Equity,"342,594,822.24",0.49,"342,594,822.24","745,809.00",459.36,United States,New York Stock Exchange Inc.,USD,1.0,USD,-
DE,DEERE,Industrials,Equity,"340,122,631.95",0.48,"340,122,631.95","840,951.00",404.45,United States,New York Stock Exchange Inc.,USD,1.0,USD,-
AMD,ADVANCED MICRO DEVICES INC,Information Technology,Equity,"330,920,530.95",0.47,"330,920,530.95","3,008,095.00",110.01,United States,NASDAQ,USD,1.0,USD,-
BKNG,BOOKING HOLDINGS INC,Consumer Discretionary,Equity,"321,077,194.45",0.46,"321,077,194.45","122,365.00","2,623.93",United States,NASDAQ,USD,1.0,USD,-
AMAT,APPLIED MATERIAL INC,Information Technology,Equity,"320,108,757.10",0.46,"320,108,757.10","2,352,530.00",136.07,United States,NASDAQ,USD,1.0,USD,-
TJX,TJX INC,Consumer Discretionary,Equity,"311,703,186.74",0.44,"311,703,186.74","3,798,479.00",82.06,United States,New York Stock Exchange Inc.,USD,1.0,USD,-
LOW,LOWES COMPANIES INC,Consumer Discretionary,Equity,"310,499,615.76",0.44,"310,499,615.76","1,442,708.00",215.22,United States,New York Stock Exchange Inc.,USD,1.0,USD,-
CAT,CATERPILLAR INC,Industrials,Equity,"299,484,674.68",0.43,"299,484,674.68","1,277,447.00",234.44,United States,New York Stock Exchange Inc.,USD,1.0,USD,-
MCD,MCDONALDS CORP,Consumer Discretionary,Equity,"288,000,652.74",0.41,"288,000,652.74","993,414.00",289.91,United States,New York Stock Exchange Inc.,USD,1.0,USD,-
AMT,AMERICAN TOWER REIT CORP,Real Estate,Equity,"285,622,648.74",0.41,"285,622,648.74","1,535,358.00",186.03,United States,New York Stock Exchange Inc.,USD,1.0,USD,-
UBER,UBER TECHNOLOGIES INC,Industrials,Equity,"277,214,125.10",0.4,"277,214,125.10","6,396,265.00",43.34,United States,New York Stock Exchange Inc.,USD,1.0,USD,-
AMGN,AMGEN INC,Health Care,Equity,"272,091,406.60",0.39,"272,091,406.60","1,198,060.00",227.11,United States,NASDAQ,USD,1.0,USD,-
VRTX,VERTEX PHARMACEUTICALS INC,Health Care,Equity,"269,763,005.00",0.38,"269,763,005.00","777,415.00",347.00,United States,NASDAQ,USD,1.0,USD,-
ZTS,ZOETIS INC CLASS A,Health Care,Equity,"257,014,616.19",0.37,"257,014,616.19","1,526,487.00",168.37,United States,New York Stock Exchange Inc.,USD,1.0,USD,-
LRCX,LAM RESEARCH CORP,Information Technology,Equity,"255,057,656.04",0.36,"255,057,656.04","418,979.00",608.76,United States,NASDAQ,USD,1.0,USD,-
ADP,AUTOMATIC DATA PROCESSING INC,Industrials,Equity,"250,248,456.45",0.36,"250,248,456.45","1,170,315.00",213.83,United States,NASDAQ,USD,1.0,USD,-
ORCL,ORACLE CORP,Information Technology,Equity,"244,531,039.52",0.35,"244,531,039.52","2,061,118.00",118.64,United States,New York Stock Exchange Inc.,USD,1.0,USD,-
MMC,MARSH & MCLENNAN INC,Financials,Equity,"240,235,059.12",0.34,"240,235,059.12","1,307,544.00",183.73,United States,New York Stock Exchange Inc.,USD,1.0,USD,-
PANW,PALO ALTO NETWORKS INC,Information Technology,Equity,"239,894,742.98",0.34,"239,894,742.98","983,417.00",243.94,United States,NASDAQ,USD,1.0,USD,-
NKE,NIKE INC CLASS B,Consumer Discretionary,Equity,"228,939,622.32",0.33,"228,939,622.32","2,090,391.00",109.52,United States,New York Stock Exchange Inc.,USD,1.0,USD,-
PYPL,PAYPAL HOLDINGS INC,Financials,Equity,"224,566,898.06",0.32,"224,566,898.06","3,354,749.00",66.94,United States,NASDAQ,USD,1.0,USD,-
PG,PROCTER & GAMBLE,Consumer Staples,Equity,"216,718,493.42",0.31,"216,718,493.42","1,459,777.00",148.46,United States,New York Stock Exchange Inc.,USD,1.0,USD,-
SNPS,SYNOPSYS INC,Information Technology,Equity,"210,173,966.84",0.3,"210,173,966.84","500,939.00",419.56,United States,NASDAQ,USD,1.0,USD,-
KLAC,KLA CORP,Information Technology,Equity,"206,726,921.70",0.29,"206,726,921.70","452,406.00",456.95,United States,NASDAQ,USD,1.0,USD,-
TXN,TEXAS INSTRUMENT INC,Information Technology,Equity,"204,822,964.48",0.29,"204,822,964.48","1,221,511.00",167.68,United States,NASDAQ,USD,1.0,USD,-
BX,BLACKSTONE INC,Financials,Equity,"204,352,644.96",0.29,"204,352,644.96","2,326,419.00",87.84,United States,New York Stock Exchange Inc.,USD,1.0,USD,-
CDNS,CADENCE DESIGN SYSTEMS INC,Information Technology,Equity,"200,852,726.52",0.29,"200,852,726.52","891,411.00",225.32,United States,NASDAQ,USD,1.0,USD,-
TGT,TARGET CORP,Consumer Staples,Equity,"199,968,576.61",0.29,"199,968,576.61","1,516,867.00",131.83,United States,New York Stock Exchange Inc.,USD,1.0,USD,-
WM,WASTE MANAGEMENT INC,Industrials,Equity,"199,648,054.43",0.28,"199,648,054.43","1,205,677.00",165.59,United States,New York Stock Exchange Inc.,USD,1.0,USD,-
ITW,ILLINOIS TOOL INC,Industrials,Equity,"197,458,701.75",0.28,"197,458,701.75","815,103.00",242.25,United States,New York Stock Exchange Inc.,USD,1.0,USD,-
PGR,PROGRESSIVE CORP,Financials,Equity,"191,673,676.04",0.27,"191,673,676.04","1,443,652.00",132.77,United States,New York Stock Exchange Inc.,USD,1.0,USD,-
CMG,CHIPOTLE MEXICAN GRILL INC,Consumer Discretionary,Equity,"185,112,447.04",0.26,"185,112,447.04","90,578.00","2,043.68",United States,New York Stock Exchange Inc.,USD,1.0,USD,-
SNOW,SNOWFLAKE CLASS A,Information Technology,Equity,"182,128,541.75",0.26,"182,128,541.75","1,021,759.00",178.25,United States,New York Stock Exchange Inc.,USD,1.0,USD,-
EW,EDWARDS LIFESCIENCES CORP,Health Care,Equity,"179,352,544.04",0.26,"179,352,544.04","1,985,306.00",90.34,United States,New York Stock Exchange Inc.,USD,1.0,USD,-
MRK,MERCK & CO INC,Health Care,Equity,"176,653,608.00",0.25,"176,653,608.00","1,541,480.00",114.60,United States,New York Stock Exchange Inc.,USD,1.0,USD,-
UNP,UNION PACIFIC CORP,Industrials,Equity,"171,993,751.38",0.25,"171,993,751.38","860,442.00",199.89,United States,New York Stock Exchange Inc.,USD,1.0,USD,-
ABNB,AIRBNB INC CLASS A,Consumer Discretionary,Equity,"166,716,862.06",0.24,"166,716,862.06","1,336,622.00",124.73,United States,NASDAQ,USD,1.0,USD,-
DXCM,DEXCOM INC,Health Care,Equity,"161,604,729.00",0.23,"161,604,729.00","1,274,988.00",126.75,United States,NASDAQ,USD,1.0,USD,-
SHW,SHERWIN WILLIAMS,Materials,Equity,"161,399,384.32",0.23,"161,399,384.32","653,333.00",247.04,United States,New York Stock Exchange Inc.,USD,1.0,USD,-
MCO,MOODYS CORP,Financials,Equity,"160,958,110.72",0.23,"160,958,110.72","477,224.00",337.28,United States,New York Stock Exchange Inc.,USD,1.0,USD,-
ORLY,OREILLY AUTOMOTIVE INC,Consumer Discretionary,Equity,"157,838,036.80",0.22,"157,838,036.80","170,680.00",924.76,United States,NASDAQ,USD,1.0,USD,"Jan 01, 1970"
FTNT,FORTINET INC,Information Technology,Equity,"155,015,903.11",0.22,"155,015,903.11","2,165,329.00",71.59,United States,NASDAQ,USD,1.0,USD,-
MNST,MONSTER BEVERAGE CORP,Consumer Staples,Equity,"144,998,130.42",0.21,"144,998,130.42","2,453,022.00",59.11,United States,NASDAQ,USD,1.0,USD,-
WDAY,WORKDAY INC CLASS A,Information Technology,Equity,"144,725,866.25",0.21,"144,725,866.25","651,185.00",222.25,United States,NASDAQ,USD,1.0,USD,-
ADSK,AUTODESK INC,Information Technology,Equity,"143,357,986.00",0.2,"143,357,986.00","709,693.00",202.00,United States,NASDAQ,USD,1.0,USD,-
KMB,KIMBERLY CLARK CORP,Consumer Staples,Equity,"143,166,933.71",0.2,"143,166,933.71","1,045,243.00",136.97,United States,New York Stock Exchange Inc.,USD,1.0,USD,-
MAR,MARRIOTT INTERNATIONAL INC CLASS A,Consumer Discretionary,Equity,"142,649,314.65",0.2,"142,649,314.65","832,017.00",171.45,United States,NASDAQ,USD,1.0,USD,-
MSI,MOTOROLA SOLUTIONS INC,Information Technology,Equity,"139,622,894.01",0.2,"139,622,894.01","501,141.00",278.61,United States,New York Stock Exchange Inc.,USD,1.0,USD,-
LULU,LULULEMON ATHLETICA INC,Consumer Discretionary,Equity,"137,282,010.75",0.2,"137,282,010.75","366,819.00",374.25,United States,NASDAQ,USD,1.0,USD,-
IDXX,IDEXX LABORATORIES INC,Health Care,Equity,"132,410,807.68",0.19,"132,410,807.68","271,456.00",487.78,United States,NASDAQ,USD,1.0,USD,-
CPRT,COPART INC,Industrials,Equity,"126,130,803.39",0.18,"126,130,803.39","1,414,181.00",89.19,United States,NASDAQ,USD,1.0,USD,-
APO,APOLLO GLOBAL MANAGEMENT INC,Financials,Equity,"125,546,130.00",0.18,"125,546,130.00","1,719,810.00",73.00,United States,New York Stock Exchange Inc.,USD,1.0,USD,-
DG,DOLLAR GENERAL CORP,Consumer Staples,Equity,"123,607,097.25",0.18,"123,607,097.25","722,215.00",171.15,United States,New York Stock Exchange Inc.,USD,1.0,USD,-
ANET,ARISTA NETWORKS INC,Information Technology,Equity,"123,036,339.72",0.18,"123,036,339.72","826,746.00",148.82,United States,New York Stock Exchange Inc.,USD,1.0,USD,-
CTAS,CINTAS CORP,Industrials,Equity,"122,678,721.31",0.17,"122,678,721.31","254,209.00",482.59,United States,NASDAQ,USD,1.0,USD,-
USD,USD CASH,Cash and/or Derivatives,Cash,"122,638,229.56",0.17,"122,638,229.56","122,638,230.00",100.00,United States,-,USD,1.0,USD,-
AZO,AUTOZONE INC,Consumer Discretionary,Equity,"122,526,822.69",0.17,"122,526,822.69","50,553.00","2,423.73",United States,New York Stock Exchange Inc.,USD,1.0,USD,-
SYY,SYSCO CORP,Consumer Staples,Equity,"121,213,849.05",0.17,"121,213,849.05","1,673,069.00",72.45,United States,New York Stock Exchange Inc.,USD,1.0,USD,-
IQV,IQVIA HOLDINGS INC,Health Care,Equity,"120,596,266.56",0.17,"120,596,266.56","563,376.00",214.06,United States,New York Stock Exchange Inc.,USD,1.0,USD,-
LNG,CHENIERE ENERGY INC,Energy,Equity,"118,752,624.48",0.17,"118,752,624.48","799,358.00",148.56,United States,Nyse Mkt Llc,USD,1.0,USD,-
ROK,ROCKWELL AUTOMATION INC,Industrials,Equity,"118,657,904.44",0.17,"118,657,904.44","378,772.00",313.27,United States,New York Stock Exchange Inc.,USD,1.0,USD,-
EQIX,EQUINIX REIT INC,Real Estate,Equity,"115,303,093.29",0.16,"115,303,093.29","154,539.00",746.11,United States,NASDAQ,USD,1.0,USD,-
PAYX,PAYCHEX INC,Industrials,Equity,"115,126,546.62",0.16,"115,126,546.62","1,062,249.00",108.38,United States,NASDAQ,USD,1.0,USD,-
ECL,ECOLAB INC,Materials,Equity,"113,531,610.15",0.16,"113,531,610.15","637,281.00",178.15,United States,New York Stock Exchange Inc.,USD,1.0,USD,-
ROST,ROSS STORES INC,Consumer Discretionary,Equity,"112,235,674.62",0.16,"112,235,674.62","1,032,907.00",108.66,United States,NASDAQ,USD,1.0,USD,-
UPS,UNITED PARCEL SERVICE INC CLASS B,Industrials,Equity,"112,000,063.23",0.16,"112,000,063.23","661,587.00",169.29,United States,New York Stock Exchange Inc.,USD,1.0,USD,-
TTD,TRADE DESK INC CLASS A,Communication,Equity,"110,748,892.40",0.16,"110,748,892.40","1,452,635.00",76.24,United States,NASDAQ,USD,1.0,USD,-
CHTR,CHARTER COMMUNICATIONS INC CLASS A,Communication,Equity,"110,286,229.08",0.16,"110,286,229.08","338,011.00",326.28,United States,NASDAQ,USD,1.0,USD,-
YUM,YUM BRANDS INC,Consumer Discretionary,Equity,"110,040,620.40",0.16,"110,040,620.40","811,509.00",135.60,United States,New York Stock Exchange Inc.,USD,1.0,USD,-
AMP,AMERIPRISE FINANCE INC,Financials,Equity,"109,868,036.30",0.16,"109,868,036.30","346,565.00",317.02,United States,New York Stock Exchange Inc.,USD,1.0,USD,-
GWW,WW GRAINGER INC,Industrials,Equity,"108,409,316.40",0.15,"108,409,316.40","146,916.00",737.90,United States,New York Stock Exchange Inc.,USD,1.0,USD,-
AXP,AMERICAN EXPRESS,Financials,Equity,"107,566,480.70",0.15,"107,566,480.70","640,010.00",168.07,United States,New York Stock Exchange Inc.,USD,1.0,USD,-
VRSK,VERISK ANALYTICS INC,Industrials,Equity,"105,523,022.50",0.15,"105,523,022.50","470,350.00",224.35,United States,NASDAQ,USD,1.0,USD,-
MCHP,MICROCHIP TECHNOLOGY INC,Information Technology,Equity,"103,626,965.82",0.15,"103,626,965.82","1,264,206.00",81.97,United States,NASDAQ,USD,1.0,USD,-
RMD,RESMED INC,Health Care,Equity,"103,020,472.28",0.15,"103,020,472.28","478,564.00",215.27,United States,New York Stock Exchange Inc.,USD,1.0,USD,-
ABC,AMERISOURCEBERGEN CORP,Health Care,Equity,"99,991,139.01",0.14,"99,991,139.01","532,803.00",187.67,United States,New York Stock Exchange Inc.,USD,1.0,USD,-
CRWD,CROWDSTRIKE HOLDINGS INC CLASS A,Information Technology,Equity,"99,680,027.85",0.14,"99,680,027.85","693,909.00",143.65,United States,NASDAQ,USD,1.0,USD,-
ODFL,OLD DOMINION FREIGHT LINE INC,Industrials,Equity,"98,878,086.86",0.14,"98,878,086.86","302,722.00",326.63,United States,NASDAQ,USD,1.0,USD,-
XTSLA,BLK CSH FND TREASURY SL AGENCY,Cash and/or Derivatives,Money Market,"97,807,747.78",0.14,"97,807,747.78","97,807,748.00",1.00,United States,-,USD,1.0,USD,-
VMW,VMWARE CLASS A INC,Information Technology,Equity,"97,753,997.88",0.14,"97,753,997.88","709,236.00",137.83,United States,New York Stock Exchange Inc.,USD,1.0,USD,-
VEEV,VEEVA SYSTEMS INC CLASS A,Health Care,Equity,"95,835,395.88",0.14,"95,835,395.88","477,363.00",200.76,United States,New York Stock Exchange Inc.,USD,1.0,USD,-
A,AGILENT TECHNOLOGIES INC,Health Care,Equity,"94,516,630.88",0.13,"94,516,630.88","791,464.00",119.42,United States,New York Stock Exchange Inc.,USD,1.0,USD,-
HSY,HERSHEY FOODS,Consumer Staples,Equity,"93,357,122.43",0.13,"93,357,122.43","360,327.00",259.09,United States,New York Stock Exchange Inc.,USD,1.0,USD,-
MTD,METTLER TOLEDO INC,Health Care,Equity,"92,363,660.25",0.13,"92,363,660.25","71,697.00","1,288.25",United States,New York Stock Exchange Inc.,USD,1.0,USD,-
SGEN,SEAGEN INC,Health Care,Equity,"91,567,134.34",0.13,"91,567,134.34","461,947.00",198.22,United States,NASDAQ,USD,1.0,USD,-
WST,WEST PHARMACEUTICAL SERVICES INC,Health Care,Equity,"89,519,374.00",0.13,"89,519,374.00","243,922.00",367.00,United States,New York Stock Exchange Inc.,USD,1.0,USD,-
SYK,STRYKER CORP,Health Care,Equity,"88,643,130.40",0.13,"88,643,130.40","297,580.00",297.88,United States,New York Stock Exchange Inc.,USD,1.0,USD,-
PLTR,PALANTIR TECHNOLOGIES INC CLASS A,Information Technology,Equity,"86,627,505.44",0.12,"86,627,505.44","6,174,448.00",14.03,United States,New York Stock Exchange Inc.,USD,1.0,USD,-
IT,GARTNER INC,Information Technology,Equity,"85,563,422.76",0.12,"85,563,422.76","253,004.00",338.19,United States,New York Stock Exchange Inc.,USD,1.0,USD,-
PSA,PUBLIC STORAGE REIT,Real Estate,Equity,"85,109,447.50",0.12,"85,109,447.50","300,125.00",283.58,United States,New York Stock Exchange Inc.,USD,1.0,USD,-
DDOG,DATADOG INC CLASS A,Information Technology,Equity,"84,313,959.39",0.12,"84,313,959.39","900,117.00",93.67,United States,NASDAQ,USD,1.0,USD,-
MDB,MONGODB INC CLASS A,Information Technology,Equity,"84,231,600.16",0.12,"84,231,600.16","215,984.00",389.99,United States,NASDAQ,USD,1.0,USD,-
ALGN,ALIGN TECHNOLOGY INC,Health Care,Equity,"82,743,821.73",0.12,"82,743,821.73","251,631.00",328.83,United States,NASDAQ,USD,1.0,USD,-
FAST,FASTENAL,Industrials,Equity,"80,202,099.75",0.11,"80,202,099.75","1,409,775.00",56.89,United States,NASDAQ,USD,1.0,USD,-
HUM,HUMANA INC,Health Care,Equity,"79,729,616.70",0.11,"79,729,616.70","178,786.00",445.95,United States,New York Stock Exchange Inc.,USD,1.0,USD,-
TSCO,TRACTOR SUPPLY,Consumer Discretionary,Equity,"78,744,247.20",0.11,"78,744,247.20","360,056.00",218.70,United States,NASDAQ,USD,1.0,USD,-
APH,AMPHENOL CORP CLASS A,Information Technology,Equity,"77,534,588.34",0.11,"77,534,588.34","966,886.00",80.19,United States,New York Stock Exchange Inc.,USD,1.0,USD,-
TEAM,ATLASSIAN CORP CLASS A,Information Technology,Equity,"77,471,031.69",0.11,"77,471,031.69","477,009.00",162.41,United States,NASDAQ,USD,1.0,USD,-
HUBS,HUBSPOT INC,Information Technology,Equity,"77,263,805.24",0.11,"77,263,805.24","150,844.00",512.21,United States,New York Stock Exchange Inc.,USD,1.0,USD,-
MPWR,MONOLITHIC POWER SYSTEMS INC,Information Technology,Equity,"75,551,872.00",0.11,"75,551,872.00","149,312.00",506.00,United States,NASDAQ,USD,1.0,USD,-
ANSS,ANSYS INC,Information Technology,Equity,"75,410,800.92",0.11,"75,410,800.92","235,998.00",319.54,United States,NASDAQ,USD,1.0,USD,-
ULTA,ULTA BEAUTY INC,Consumer Discretionary,Equity,"74,758,034.25",0.11,"74,758,034.25","164,865.00",453.45,United States,NASDAQ,USD,1.0,USD,-
CDW,CDW CORP,Information Technology,Equity,"74,450,345.00",0.11,"74,450,345.00","419,675.00",177.40,United States,NASDAQ,USD,1.0,USD,-
SPOT,SPOTIFY TECHNOLOGY SA,Communication,Equity,"72,772,821.71",0.1,"72,772,821.71","462,079.00",157.49,United States,New York Stock Exchange Inc.,USD,1.0,USD,-
MCK,MCKESSON CORP,Health Care,Equity,"71,563,105.76",0.1,"71,563,105.76","172,126.00",415.76,United States,New York Stock Exchange Inc.,USD,1.0,USD,-
CHD,CHURCH AND DWIGHT INC,Consumer Staples,Equity,"70,064,019.04",0.1,"70,064,019.04","721,417.00",97.12,United States,New York Stock Exchange Inc.,USD,1.0,USD,-
ENPH,ENPHASE ENERGY INC,Information Technology,Equity,"69,600,164.48",0.1,"69,600,164.48","438,592.00",158.69,United States,NASDAQ,USD,1.0,USD,-
HES,HESS CORP,Energy,Equity,"67,279,821.66",0.1,"67,279,821.66","511,206.00",131.61,United States,New York Stock Exchange Inc.,USD,1.0,USD,-
FI,FISERV INC,Financials,Equity,"66,949,545.56",0.1,"66,949,545.56","555,644.00",120.49,United States,New York Stock Exchange Inc.,USD,1.0,USD,-
HZNP,HORIZON THERAPEUTICS PUBLIC PLC,Health Care,Equity,"66,928,399.68",0.1,"66,928,399.68","652,578.00",102.56,United States,NASDAQ,USD,1.0,USD,-
PODD,INSULET CORP,Health Care,Equity,"65,746,091.40",0.09,"65,746,091.40","228,404.00",287.85,United States,NASDAQ,USD,1.0,USD,-
CLX,CLOROX,Consumer Staples,Equity,"63,641,571.02",0.09,"63,641,571.02","407,593.00",156.14,United States,New York Stock Exchange Inc.,USD,1.0,USD,-
ALNY,ALNYLAM PHARMACEUTICALS INC,Health Care,Equity,"63,129,483.18",0.09,"63,129,483.18","327,622.00",192.69,United States,NASDAQ,USD,1.0,USD,-
EFX,EQUIFAX INC,Industrials,Equity,"62,266,226.11",0.09,"62,266,226.11","277,937.00",224.03,United States,New York Stock Exchange Inc.,USD,1.0,USD,-
FICO,FAIR ISAAC CORP,Information Technology,Equity,"61,976,905.10",0.09,"61,976,905.10","79,862.00",776.05,United States,New York Stock Exchange Inc.,USD,1.0,USD,-
NET,CLOUDFLARE INC CLASS A,Information Technology,Equity,"60,103,041.68",0.09,"60,103,041.68","947,848.00",63.41,United States,New York Stock Exchange Inc.,USD,1.0,USD,-
CPNG,COUPANG INC CLASS A,Consumer Discretionary,Equity,"59,944,691.60",0.09,"59,944,691.60","3,611,126.00",16.60,United States,New York Stock Exchange Inc.,USD,1.0,USD,-
MSCI,MSCI INC,Financials,Equity,"59,598,274.05",0.08,"59,598,274.05","128,127.00",465.15,United States,New York Stock Exchange Inc.,USD,1.0,USD,-
LVS,LAS VEGAS SANDS CORP,Consumer Discretionary,Equity,"58,227,869.44",0.08,"58,227,869.44","1,016,548.00",57.28,United States,New York Stock Exchange Inc.,USD,1.0,USD,-
RBLX,ROBLOX CORP CLASS A,Communication,Equity,"57,269,888.75",0.08,"57,269,888.75","1,513,075.00",37.85,United States,New York Stock Exchange Inc.,USD,1.0,USD,-
HON,HONEYWELL INTERNATIONAL INC,Industrials,Equity,"56,678,293.76",0.08,"56,678,293.76","283,264.00",200.09,United States,NASDAQ,USD,1.0,USD,-
DASH,DOORDASH INC CLASS A,Consumer Discretionary,Equity,"56,559,392.64",0.08,"56,559,392.64","778,626.00",72.64,United States,New York Stock Exchange Inc.,USD,1.0,USD,-
LIN,LINDE PLC,Materials,Equity,"56,361,921.33",0.08,"56,361,921.33","152,087.00",370.59,United States,New York Stock Exchange Inc.,USD,1.0,USD,-
LPLA,LPL FINANCIAL HOLDINGS INC,Financials,Equity,"54,108,665.12",0.08,"54,108,665.12","259,838.00",208.24,United States,NASDAQ,USD,1.0,USD,-
SPLK,SPLUNK INC,Information Technology,Equity,"53,641,888.74",0.08,"53,641,888.74","531,213.00",100.98,United States,NASDAQ,USD,1.0,USD,-
HLT,HILTON WORLDWIDE HOLDINGS INC,Consumer Discretionary,Equity,"53,219,383.61",0.08,"53,219,383.61","388,151.00",137.11,United States,New York Stock Exchange Inc.,USD,1.0,USD,-
FLT,FLEETCOR TECHNOLOGIES INC,Financials,Equity,"52,552,143.84",0.07,"52,552,143.84","220,289.00",238.56,United States,New York Stock Exchange Inc.,USD,1.0,USD,-
PAYC,PAYCOM SOFTWARE INC,Industrials,Equity,"52,116,771.00",0.07,"52,116,771.00","170,205.00",306.20,United States,New York Stock Exchange Inc.,USD,1.0,USD,-
LW,LAMB WESTON HOLDINGS INC,Consumer Staples,Equity,"51,857,771.64",0.07,"51,857,771.64","452,156.00",114.69,United States,New York Stock Exchange Inc.,USD,1.0,USD,-
TRGP,TARGA RESOURCES CORP,Energy,Equity,"51,428,537.28",0.07,"51,428,537.28","735,534.00",69.92,United States,New York Stock Exchange Inc.,USD,1.0,USD,-
BA,BOEING,Industrials,Equity,"51,375,711.33",0.07,"51,375,711.33","250,113.00",205.41,United States,New York Stock Exchange Inc.,USD,1.0,USD,-
PINS,PINTEREST INC CLASS A,Communication,Equity,"51,303,870.72",0.07,"51,303,870.72","1,955,178.00",26.24,United States,New York Stock Exchange Inc.,USD,1.0,USD,-
BR,BROADRIDGE FINANCIAL SOLUTIONS INC,Industrials,Equity,"51,025,063.23",0.07,"51,025,063.23","322,923.00",158.01,United States,New York Stock Exchange Inc.,USD,1.0,USD,-
WAT,WATERS CORP,Health Care,Equity,"50,124,435.20",0.07,"50,124,435.20","192,905.00",259.84,United States,New York Stock Exchange Inc.,USD,1.0,USD,-
FDS,FACTSET RESEARCH SYSTEMS INC,Financials,Equity,"49,835,897.55",0.07,"49,835,897.55","126,471.00",394.05,United States,New York Stock Exchange Inc.,USD,1.0,USD,-
CSGP,COSTAR GROUP INC,Industrials,Equity,"49,707,750.00",0.07,"49,707,750.00","573,000.00",86.75,United States,NASDAQ,USD,1.0,USD,-
ARES,ARES MANAGEMENT CORP CLASS A,Financials,Equity,"47,748,504.53",0.07,"47,748,504.53","528,133.00",90.41,United States,New York Stock Exchange Inc.,USD,1.0,USD,-
ELV,ELEVANCE HEALTH INC,Health Care,Equity,"46,833,943.20",0.07,"46,833,943.20","103,983.00",450.40,United States,New York Stock Exchange Inc.,USD,1.0,USD,-
BAH,BOOZ ALLEN HAMILTON HOLDING CORP C,Industrials,Equity,"45,854,747.36",0.07,"45,854,747.36","426,794.00",107.44,United States,New York Stock Exchange Inc.,USD,1.0,USD,-
EL,ESTEE LAUDER INC CLASS A,Consumer Staples,Equity,"45,830,857.38",0.07,"45,830,857.38","238,777.00",191.94,United States,New York Stock Exchange Inc.,USD,1.0,USD,-
TER,TERADYNE INC,Information Technology,Equity,"44,993,652.44",0.06,"44,993,652.44","427,859.00",105.16,United States,NASDAQ,USD,1.0,USD,-
POOL,POOL CORP,Consumer Discretionary,Equity,"43,932,922.26",0.06,"43,932,922.26","124,689.00",352.34,United States,NASDAQ,USD,1.0,USD,-
DECK,DECKERS OUTDOOR CORP,Consumer Discretionary,Equity,"43,708,523.20",0.06,"43,708,523.20","86,360.00",506.12,United States,New York Stock Exchange Inc.,USD,1.0,USD,-
AXON,AXON ENTERPRISE INC,Industrials,Equity,"43,258,559.43",0.06,"43,258,559.43","229,233.00",188.71,United States,NASDAQ,USD,1.0,USD,-
SQ,BLOCK INC CLASS A,Financials,Equity,"41,792,722.44",0.06,"41,792,722.44","664,854.00",62.86,United States,New York Stock Exchange Inc.,USD,1.0,USD,-
HCA,HCA HEALTHCARE INC,Health Care,Equity,"41,229,864.20",0.06,"41,229,864.20","139,573.00",295.40,United States,New York Stock Exchange Inc.,USD,1.0,USD,-
TT,TRANE TECHNOLOGIES PLC,Industrials,Equity,"41,224,015.04",0.06,"41,224,015.04","221,444.00",186.16,United States,New York Stock Exchange Inc.,USD,1.0,USD,-
TYL,TYLER TECHNOLOGIES INC,Information Technology,Equity,"41,161,244.07",0.06,"41,161,244.07","103,699.00",396.93,United States,New York Stock Exchange Inc.,USD,1.0,USD,-
ZS,ZSCALER INC,Information Technology,Equity,"41,040,091.90",0.06,"41,040,091.90","287,597.00",142.70,United States,NASDAQ,USD,1.0,USD,-
PEN,PENUMBRA INC,Health Care,Equity,"39,928,625.10",0.06,"39,928,625.10","119,511.00",334.10,United States,New York Stock Exchange Inc.,USD,1.0,USD,-
CAH,CARDINAL HEALTH INC,Health Care,Equity,"39,928,834.48",0.06,"39,928,834.48","435,334.00",91.72,United States,New York Stock Exchange Inc.,USD,1.0,USD,-
NU,NU HOLDINGS LTD CLASS A,Financials,Equity,"39,371,262.84",0.06,"39,371,262.84","5,207,839.00",7.56,United States,New York Stock Exchange Inc.,USD,1.0,USD,-
EPAM,EPAM SYSTEMS INC,Information Technology,Equity,"39,210,150.00",0.06,"39,210,150.00","183,225.00",214.00,United States,New York Stock Exchange Inc.,USD,1.0,USD,-
ABT,ABBOTT LABORATORIES,Health Care,Equity,"38,864,180.35",0.06,"38,864,180.35","359,687.00",108.05,United States,New York Stock Exchange Inc.,USD,1.0,USD,-
LSCC,LATTICE SEMICONDUCTOR CORP,Information Technology,Equity,"38,309,006.10",0.05,"38,309,006.10","448,846.00",85.35,United States,NASDAQ,USD,1.0,USD,-
MANH,MANHATTAN ASSOCIATES INC,Information Technology,Equity,"38,160,314.08",0.05,"38,160,314.08","203,056.00",187.93,United States,NASDAQ,USD,1.0,USD,-
TECH,BIO TECHNE CORP,Health Care,Equity,"37,047,838.74",0.05,"37,047,838.74","483,527.00",76.62,United States,NASDAQ,USD,1.0,USD,-
DPZ,DOMINOS PIZZA INC,Consumer Discretionary,Equity,"36,945,330.66",0.05,"36,945,330.66","116,613.00",316.82,United States,New York Stock Exchange Inc.,USD,1.0,USD,-
DT,DYNATRACE INC,Information Technology,Equity,"36,424,832.94",0.05,"36,424,832.94","720,143.00",50.58,United States,New York Stock Exchange Inc.,USD,1.0,USD,-
EXPE,EXPEDIA GROUP INC,Consumer Discretionary,Equity,"36,304,809.87",0.05,"36,304,809.87","346,453.00",104.79,United States,NASDAQ,USD,1.0,USD,-
FIVE,FIVE BELOW INC,Consumer Discretionary,Equity,"35,823,381.00",0.05,"35,823,381.00","180,525.00",198.44,United States,NASDAQ,USD,1.0,USD,-
SWAV,SHOCKWAVE MEDICAL INC,Health Care,Equity,"34,959,920.84",0.05,"34,959,920.84","119,468.00",292.63,United States,NASDAQ,USD,1.0,USD,-
DKNG,DRAFTKINGS INC CLASS A,Consumer Discretionary,Equity,"34,481,928.72",0.05,"34,481,928.72","1,377,624.00",25.03,United States,NASDAQ,USD,1.0,USD,-
SPGI,S&P GLOBAL INC,Financials,Equity,"34,279,463.40",0.05,"34,279,463.40","87,815.00",390.36,United States,New York Stock Exchange Inc.,USD,1.0,USD,-
MTCH,MATCH GROUP INC,Communication,Equity,"34,130,553.92",0.05,"34,130,553.92","827,608.00",41.24,United States,NASDAQ,USD,1.0,USD,-
HEIA,HEICO CORP CLASS A,Industrials,Equity,"33,654,685.68",0.05,"33,654,685.68","241,668.00",139.26,United States,New York Stock Exchange Inc.,USD,1.0,USD,-
BURL,BURLINGTON STORES INC,Consumer Discretionary,Equity,"33,633,942.00",0.05,"33,633,942.00","212,900.00",157.98,United States,New York Stock Exchange Inc.,USD,1.0,USD,-
SRPT,SAREPTA THERAPEUTICS INC,Health Care,Equity,"33,623,007.54",0.05,"33,623,007.54","294,706.00",114.09,United States,NASDAQ,USD,1.0,USD,-
FND,FLOOR DECOR HOLDINGS INC CLASS A,Consumer Discretionary,Equity,"33,593,423.15",0.05,"33,593,423.15","342,895.00",97.97,United States,New York Stock Exchange Inc.,USD,1.0,USD,-
DOCU,DOCUSIGN INC,Information Technology,Equity,"33,378,870.88",0.05,"33,378,870.88","666,511.00",50.08,United States,NASDAQ,USD,1.0,USD,-
TTC,TORO,Industrials,Equity,"33,191,483.40",0.05,"33,191,483.40","340,740.00",97.41,United States,New York Stock Exchange Inc.,USD,1.0,USD,-
LECO,LINCOLN ELECTRIC HOLDINGS INC,Industrials,Equity,"32,597,156.65",0.05,"32,597,156.65","171,935.00",189.59,United States,NASDAQ,USD,1.0,USD,-
MKTX,MARKETAXESS HOLDINGS INC,Financials,Equity,"31,941,087.00",0.05,"31,941,087.00","121,449.00",263.00,United States,NASDAQ,USD,1.0,USD,-
ILMN,ILLUMINA INC,Health Care,Equity,"31,320,964.36",0.04,"31,320,964.36","155,308.00",201.67,United States,NASDAQ,USD,1.0,USD,-
BFB,BROWN FORMAN CORP CLASS B,Consumer Staples,Equity,"31,291,719.60",0.04,"31,291,719.60","481,115.00",65.04,United States,New York Stock Exchange Inc.,USD,1.0,USD,-
ALLE,ALLEGION PLC,Industrials,Equity,"30,890,359.50",0.04,"30,890,359.50","267,449.00",115.50,United States,New York Stock Exchange Inc.,USD,1.0,USD,-
NBIX,NEUROCRINE BIOSCIENCES INC,Health Care,Equity,"30,692,889.36",0.04,"30,692,889.36","318,424.00",96.39,United States,NASDAQ,USD,1.0,USD,-
BSY,BENTLEY SYSTEMS INC CLASS B,Information Technology,Equity,"30,354,985.20",0.04,"30,354,985.20","586,910.00",51.72,United States,NASDAQ,USD,1.0,USD,-
CHDN,CHURCHILL DOWNS INC,Consumer Discretionary,Equity,"30,329,020.25",0.04,"30,329,020.25","232,175.00",130.63,United States,NASDAQ,USD,1.0,USD,-
ROL,ROLLINS INC,Industrials,Equity,"30,148,889.90",0.04,"30,148,889.90","728,410.00",41.39,United States,New York Stock Exchange Inc.,USD,1.0,USD,-
DRI,DARDEN RESTAURANTS INC,Consumer Discretionary,Equity,"29,967,765.70",0.04,"29,967,765.70","185,789.00",161.30,United States,New York Stock Exchange Inc.,USD,1.0,USD,-
EQH,EQUITABLE HOLDINGS INC,Financials,Equity,"29,951,962.60",0.04,"29,951,962.60","1,177,820.00",25.43,United States,New York Stock Exchange Inc.,USD,1.0,USD,-
INSP,INSPIRE MEDICAL SYSTEMS INC,Health Care,Equity,"29,845,322.84",0.04,"29,845,322.84","94,723.00",315.08,United States,New York Stock Exchange Inc.,USD,1.0,USD,-
MOH,MOLINA HEALTHCARE INC,Health Care,Equity,"29,823,097.56",0.04,"29,823,097.56","103,574.00",287.94,United States,New York Stock Exchange Inc.,USD,1.0,USD,-
APA,APA CORP,Energy,Equity,"29,512,462.68",0.04,"29,512,462.68","905,846.00",32.58,United States,NASDAQ,USD,1.0,USD,-
KKR,KKR AND CO INC,Financials,Equity,"28,068,137.63",0.04,"28,068,137.63","523,757.00",53.59,United States,New York Stock Exchange Inc.,USD,1.0,USD,-
APLS,APELLIS PHARMACEUTICALS INC,Health Care,Equity,"28,020,835.44",0.04,"28,020,835.44","328,536.00",85.29,United States,NASDAQ,USD,1.0,USD,-
INCY,INCYTE CORP,Health Care,Equity,"27,994,773.75",0.04,"27,994,773.75","448,275.00",62.45,United States,NASDAQ,USD,1.0,USD,-
JBL,JABIL INC,Information Technology,Equity,"27,573,916.16",0.04,"27,573,916.16","267,604.00",103.04,United States,New York Stock Exchange Inc.,USD,1.0,USD,-
AES,AES CORP,Utilities,Equity,"27,475,816.68",0.04,"27,475,816.68","1,344,876.00",20.43,United States,New York Stock Exchange Inc.,USD,1.0,USD,-
PPG,PPG INDUSTRIES INC,Materials,Equity,"26,972,993.56",0.04,"26,972,993.56","194,204.00",138.89,United States,New York Stock Exchange Inc.,USD,1.0,USD,-
CELH,CELSIUS HOLDINGS INC,Consumer Staples,Equity,"26,888,763.90",0.04,"26,888,763.90","179,139.00",150.10,United States,NASDAQ,USD,1.0,USD,-
CHRW,CH ROBINSON WORLDWIDE INC,Industrials,Equity,"26,689,533.75",0.04,"26,689,533.75","295,075.00",90.45,United States,NASDAQ,USD,1.0,USD,-
PTC,PTC INC,Information Technology,Equity,"26,394,769.38",0.04,"26,394,769.38","187,383.00",140.86,United States,NASDAQ,USD,1.0,USD,-
PSTG,PURE STORAGE INC CLASS A,Information Technology,Equity,"25,977,447.75",0.04,"25,977,447.75","724,615.00",35.85,United States,New York Stock Exchange Inc.,USD,1.0,USD,-
KNSL,KINSALE CAPITAL GROUP INC,Financials,Equity,"25,765,355.48",0.04,"25,765,355.48","71,908.00",358.31,United States,New York Stock Exchange Inc.,USD,1.0,USD,-
HUBB,HUBBELL INC,Industrials,Equity,"25,523,817.93",0.04,"25,523,817.93","80,499.00",317.07,United States,New York Stock Exchange Inc.,USD,1.0,USD,-
BRKR,BRUKER CORP,Health Care,Equity,"25,512,349.00",0.04,"25,512,349.00","350,300.00",72.83,United States,NASDAQ,USD,1.0,USD,-
IRM,IRON MOUNTAIN INC,Real Estate,Equity,"25,496,993.13",0.04,"25,496,993.13","472,429.00",53.97,United States,New York Stock Exchange Inc.,USD,1.0,USD,-
RBA,RB GLOBAL INC,Industrials,Equity,"25,364,613.00",0.04,"25,364,613.00","457,845.00",55.40,Canada,New York Stock Exchange Inc.,USD,1.0,USD,-
MASI,MASIMO CORP,Health Care,Equity,"25,358,832.00",0.04,"25,358,832.00","156,536.00",162.00,United States,NASDAQ,USD,1.0,USD,-
TOST,TOAST INC CLASS A,Financials,Equity,"25,141,552.62",0.04,"25,141,552.62","1,167,203.00",21.54,United States,New York Stock Exchange Inc.,USD,1.0,USD,-
SPG,SIMON PROPERTY GROUP REIT INC,Real Estate,Equity,"25,123,459.64",0.04,"25,123,459.64","233,186.00",107.74,United States,New York Stock Exchange Inc.,USD,1.0,USD,-
TDG,TRANSDIGM GROUP INC,Industrials,Equity,"24,830,142.78",0.04,"24,830,142.78","29,203.00",850.26,United States,New York Stock Exchange Inc.,USD,1.0,USD,-
PCTY,PAYLOCITY HOLDING CORP,Industrials,Equity,"24,457,781.25",0.03,"24,457,781.25","138,375.00",176.75,United States,NASDAQ,USD,1.0,USD,-
TPL,TEXAS PACIFIC LAND CORP,Energy,Equity,"24,424,411.72",0.03,"24,424,411.72","19,042.00","1,282.66",United States,New York Stock Exchange Inc.,USD,1.0,USD,-
CSX,CSX CORP,Industrials,Equity,"24,329,290.44",0.03,"24,329,290.44","743,106.00",32.74,United States,NASDAQ,USD,1.0,USD,-
TXRH,TEXAS ROADHOUSE INC,Consumer Discretionary,Equity,"23,965,402.50",0.03,"23,965,402.50","220,250.00",108.81,United States,NASDAQ,USD,1.0,USD,-
KRTX,KARUNA THERAPEUTICS INC,Health Care,Equity,"23,803,854.41",0.03,"23,803,854.41","104,729.00",227.29,United States,NASDAQ,USD,1.0,USD,-
IRDM,IRIDIUM COMMUNICATIONS INC,Communication,Equity,"23,729,222.88",0.03,"23,729,222.88","384,528.00",61.71,United States,NASDAQ,USD,1.0,USD,-
GLOB,GLOBANT SA,Information Technology,Equity,"23,735,244.00",0.03,"23,735,244.00","135,824.00",174.75,United States,New York Stock Exchange Inc.,USD,1.0,USD,-
KEYS,KEYSIGHT TECHNOLOGIES INC,Information Technology,Equity,"23,653,871.46",0.03,"23,653,871.46","149,727.00",157.98,United States,New York Stock Exchange Inc.,USD,1.0,USD,-
HEI,HEICO CORP,Industrials,Equity,"23,268,824.46",0.03,"23,268,824.46","133,929.00",173.74,United States,New York Stock Exchange Inc.,USD,1.0,USD,-
PWR,QUANTA SERVICES INC,Industrials,Equity,"23,252,165.83",0.03,"23,252,165.83","124,603.00",186.61,United States,New York Stock Exchange Inc.,USD,1.0,USD,-
RCL,ROYAL CARIBBEAN GROUP LTD,Consumer Discretionary,Equity,"22,736,044.80",0.03,"22,736,044.80","232,190.00",97.92,United States,New York Stock Exchange Inc.,USD,1.0,USD,-
WMS,ADVANCED DRAINAGE SYSTEMS INC,Industrials,Equity,"22,596,564.34",0.03,"22,596,564.34","202,951.00",111.34,United States,New York Stock Exchange Inc.,USD,1.0,USD,-
GDDY,GODADDY INC CLASS A,Information Technology,Equity,"22,274,177.45",0.03,"22,274,177.45","307,867.00",72.35,United States,New York Stock Exchange Inc.,USD,1.0,USD,-
TREX,TREX INC,Industrials,Equity,"21,793,859.46",0.03,"21,793,859.46","359,694.00",60.59,United States,New York Stock Exchange Inc.,USD,1.0,USD,-
CROX,CROCS INC,Consumer Discretionary,Equity,"21,247,478.29",0.03,"21,247,478.29","200,429.00",106.01,United States,NASDAQ,USD,1.0,USD,-
VMC,VULCAN MATERIALS,Materials,Equity,"20,598,789.09",0.03,"20,598,789.09","96,063.00",214.43,United States,New York Stock Exchange Inc.,USD,1.0,USD,-
NTAP,NETAPP INC,Information Technology,Equity,"20,535,990.68",0.03,"20,535,990.68","280,508.00",73.21,United States,NASDAQ,USD,1.0,USD,-
LAMR,LAMAR ADVERTISING COMPANY CLAS,Real Estate,Equity,"20,398,398.58",0.03,"20,398,398.58","220,738.00",92.41,United States,NASDAQ,USD,1.0,USD,-
BRO,BROWN & BROWN INC,Financials,Equity,"20,243,546.05",0.03,"20,243,546.05","304,735.00",66.43,United States,New York Stock Exchange Inc.,USD,1.0,USD,-
CFLT,CONFLUENT INC CLASS A,Information Technology,Equity,"20,199,725.43",0.03,"20,199,725.43","609,711.00",33.13,United States,NASDAQ,USD,1.0,USD,-
DBX,DROPBOX INC CLASS A,Information Technology,Equity,"20,191,950.40",0.03,"20,191,950.40","766,880.00",26.33,United States,NASDAQ,USD,1.0,USD,-
ETSY,ETSY INC,Consumer Discretionary,Equity,"20,172,258.69",0.03,"20,172,258.69","226,833.00",88.93,United States,NASDAQ,USD,1.0,USD,-
SCCO,SOUTHERN COPPER CORP,Materials,Equity,"20,022,675.00",0.03,"20,022,675.00","281,020.00",71.25,Peru,New York Stock Exchange Inc.,USD,1.0,USD,-
CI,CIGNA,Health Care,Equity,"19,583,612.20",0.03,"19,583,612.20","71,252.00",274.85,United States,New York Stock Exchange Inc.,USD,1.0,USD,-
NATI,NATIONAL INSTRUMENTS CORP,Information Technology,Equity,"19,274,047.90",0.03,"19,274,047.90","337,549.00",57.10,United States,NASDAQ,USD,1.0,USD,-
EXAS,EXACT SCIENCES CORP,Health Care,Equity,"18,908,465.62",0.03,"18,908,465.62","204,151.00",92.62,United States,NASDAQ,USD,1.0,USD,-
GGG,GRACO INC,Industrials,Equity,"18,814,123.20",0.03,"18,814,123.20","225,184.00",83.55,United States,New York Stock Exchange Inc.,USD,1.0,USD,-
URI,UNITED RENTALS INC,Industrials,Equity,"18,746,248.04",0.03,"18,746,248.04","46,358.00",404.38,United States,New York Stock Exchange Inc.,USD,1.0,USD,-
CHE,CHEMED CORP,Health Care,Equity,"18,735,697.12",0.03,"18,735,697.12","34,576.00",541.87,United States,New York Stock Exchange Inc.,USD,1.0,USD,-
WING,WINGSTOP INC,Consumer Discretionary,Equity,"18,482,115.12",0.03,"18,482,115.12","98,666.00",187.32,United States,NASDAQ,USD,1.0,USD,-
HAL,HALLIBURTON,Energy,Equity,"18,387,457.84",0.03,"18,387,457.84","595,256.00",30.89,United States,New York Stock Exchange Inc.,USD,1.0,USD,-
REGN,REGENERON PHARMACEUTICALS INC,Health Care,Equity,"18,113,127.90",0.03,"18,113,127.90","23,230.00",779.73,United States,NASDAQ,USD,1.0,USD,-
FIVN,FIVE9 INC,Information Technology,Equity,"18,099,183.91",0.03,"18,099,183.91","234,233.00",77.27,United States,NASDAQ,USD,1.0,USD,-
MUSA,MURPHY USA INC,Consumer Discretionary,Equity,"18,033,470.95",0.03,"18,033,470.95","61,655.00",292.49,United States,New York Stock Exchange Inc.,USD,1.0,USD,-
DVA,DAVITA INC,Health Care,Equity,"17,640,069.54",0.03,"17,640,069.54","180,498.00",97.73,United States,New York Stock Exchange Inc.,USD,1.0,USD,-
NTRA,NATERA INC,Health Care,Equity,"17,519,789.87",0.02,"17,519,789.87","341,051.00",51.37,United States,NASDAQ,USD,1.0,USD,-
LSTR,LANDSTAR SYSTEM INC,Industrials,Equity,"17,440,096.31",0.02,"17,440,096.31","93,769.00",185.99,United States,NASDAQ,USD,1.0,USD,-
HPQ,HP INC,Information Technology,Equity,"17,204,150.25",0.02,"17,204,150.25","581,025.00",29.61,United States,New York Stock Exchange Inc.,USD,1.0,USD,-
TDC,TERADATA CORP,Information Technology,Equity,"17,190,799.78",0.02,"17,190,799.78","335,038.00",51.31,United States,New York Stock Exchange Inc.,USD,1.0,USD,-
MEDP,MEDPACE HOLDINGS INC,Health Care,Equity,"17,145,852.67",0.02,"17,145,852.67","76,753.00",223.39,United States,NASDAQ,USD,1.0,USD,-
CCI,CROWN CASTLE INC,Real Estate,Equity,"16,548,312.96",0.02,"16,548,312.96","151,209.00",109.44,United States,New York Stock Exchange Inc.,USD,1.0,USD,-
TXG,10X GENOMICS INC CLASS A,Health Care,Equity,"16,519,327.42",0.02,"16,519,327.42","302,441.00",54.62,United States,NASDAQ,USD,1.0,USD,-
MORN,MORNINGSTAR INC,Financials,Equity,"16,398,282.00",0.02,"16,398,282.00","84,680.00",193.65,United States,NASDAQ,USD,1.0,USD,-
PCOR,PROCORE TECHNOLOGIES INC,Information Technology,Equity,"16,309,649.40",0.02,"16,309,649.40","258,555.00",63.08,United States,New York Stock Exchange Inc.,USD,1.0,USD,-
IONS,IONIS PHARMACEUTICALS INC,Health Care,Equity,"16,010,318.52",0.02,"16,010,318.52","403,893.00",39.64,United States,NASDAQ,USD,1.0,USD,-
MSFUT,CASH COLLATERAL MSFUT USD,Cash and/or Derivatives,Cash Collateral and Margins,"15,989,840.00",0.02,"15,989,840.00","15,989,840.00",100.00,United States,-,USD,1.0,USD,"Feb 01, 2009"
ESTC,ELASTIC NV,Information Technology,Equity,"15,961,571.50",0.02,"15,961,571.50","256,205.00",62.30,United States,New York Stock Exchange Inc.,USD,1.0,USD,-
SMAR,SMARTSHEET INC CLASS A,Information Technology,Equity,"15,816,837.04",0.02,"15,816,837.04","413,404.00",38.26,United States,New York Stock Exchange Inc.,USD,1.0,USD,-
EXEL,EXELIXIS INC,Health Care,Equity,"15,485,914.44",0.02,"15,485,914.44","779,754.00",19.86,United States,NASDAQ,USD,1.0,USD,-
PATH,UIPATH INC CLASS A,Information Technology,Equity,"14,931,608.12",0.02,"14,931,608.12","949,244.00",15.73,United States,New York Stock Exchange Inc.,USD,1.0,USD,-
AVY,AVERY DENNISON CORP,Materials,Equity,"14,693,253.30",0.02,"14,693,253.30","87,538.00",167.85,United States,New York Stock Exchange Inc.,USD,1.0,USD,-
PRI,PRIMERICA INC,Financials,Equity,"14,652,466.15",0.02,"14,652,466.15","77,555.00",188.93,United States,New York Stock Exchange Inc.,USD,1.0,USD,-
NVCR,NOVOCURE LTD,Health Care,Equity,"14,439,220.68",0.02,"14,439,220.68","345,684.00",41.77,United States,NASDAQ,USD,1.0,USD,-
WWE,WORLD WRESTLING ENTERTAINMENT INC,Communication,Equity,"14,031,340.66",0.02,"14,031,340.66","139,186.00",100.81,United States,New York Stock Exchange Inc.,USD,1.0,USD,-
U,UNITY SOFTWARE INC,Information Technology,Equity,"13,980,881.34",0.02,"13,980,881.34","373,122.00",37.47,United States,New York Stock Exchange Inc.,USD,1.0,USD,-
AGL,AGILON HEALTH,Health Care,Equity,"13,868,979.34",0.02,"13,868,979.34","811,526.00",17.09,United States,New York Stock Exchange Inc.,USD,1.0,USD,-
DV,DOUBLEVERIFY HOLDINGS INC,Information Technology,Equity,"13,816,516.80",0.02,"13,816,516.80","370,416.00",37.30,United States,New York Stock Exchange Inc.,USD,1.0,USD,-
PFGC,PERFORMANCE FOOD GROUP,Consumer Staples,Equity,"13,706,625.74",0.02,"13,706,625.74","237,262.00",57.77,United States,New York Stock Exchange Inc.,USD,1.0,USD,-
EXP,EAGLE MATERIALS INC,Materials,Equity,"13,493,273.71",0.02,"13,493,273.71","77,383.00",174.37,United States,New York Stock Exchange Inc.,USD,1.0,USD,-
RYAN,RYAN SPECIALTY HOLDINGS INC CLASS,Financials,Equity,"13,184,835.06",0.02,"13,184,835.06","305,629.00",43.14,United States,New York Stock Exchange Inc.,USD,1.0,USD,-
JAZZ,JAZZ PHARMACEUTICALS PLC,Health Care,Equity,"13,008,039.66",0.02,"13,008,039.66","104,181.00",124.86,United States,NASDAQ,USD,1.0,USD,-
AAL,AMERICAN AIRLINES GROUP INC,Industrials,Equity,"12,910,472.52",0.02,"12,910,472.52","794,002.00",16.26,United States,NASDAQ,USD,1.0,USD,-
ZI,ZOOMINFO TECHNOLOGIES INC,Communication,Equity,"12,747,254.43",0.02,"12,747,254.43","531,357.00",23.99,United States,NASDAQ,USD,1.0,USD,-
GPK,GRAPHIC PACKAGING HOLDING,Materials,Equity,"12,665,978.40",0.02,"12,665,978.40","536,694.00",23.60,United States,New York Stock Exchange Inc.,USD,1.0,USD,-
CZR,CAESARS ENTERTAINMENT INC,Consumer Discretionary,Equity,"12,531,533.85",0.02,"12,531,533.85","277,185.00",45.21,United States,NASDAQ,USD,1.0,USD,-
ELS,EQUITY LIFESTYLE PROPERTIES REIT I,Real Estate,Equity,"12,494,309.75",0.02,"12,494,309.75","191,425.00",65.27,United States,New York Stock Exchange Inc.,USD,1.0,USD,-
OVV,OVINTIV INC,Energy,Equity,"12,382,877.00",0.02,"12,382,877.00","354,100.00",34.97,United States,New York Stock Exchange Inc.,USD,1.0,USD,-
JKHY,JACK HENRY AND ASSOCIATES INC,Financials,Equity,"12,367,427.60",0.02,"12,367,427.60","75,967.00",162.80,United States,NASDAQ,USD,1.0,USD,-
NOC,NORTHROP GRUMMAN CORP,Industrials,Equity,"12,217,123.35",0.02,"12,217,123.35","26,907.00",454.05,United States,New York Stock Exchange Inc.,USD,1.0,USD,-
STZ,CONSTELLATION BRANDS INC CLASS A,Consumer Staples,Equity,"12,222,496.26",0.02,"12,222,496.26","50,427.00",242.38,United States,New York Stock Exchange Inc.,USD,1.0,USD,-
RGEN,REPLIGEN CORP,Health Care,Equity,"12,093,033.64",0.02,"12,093,033.64","80,852.00",149.57,United States,NASDAQ,USD,1.0,USD,-
ACGL,ARCH CAPITAL GROUP LTD,Financials,Equity,"12,036,135.02",0.02,"12,036,135.02","166,222.00",72.41,United States,NASDAQ,USD,1.0,USD,-
WEN,WENDYS,Consumer Discretionary,Equity,"11,951,340.33",0.02,"11,951,340.33","558,213.00",21.41,United States,NASDAQ,USD,1.0,USD,-
NEWR,NEW RELIC INC,Information Technology,Equity,"11,903,764.04",0.02,"11,903,764.04","181,294.00",65.66,United States,New York Stock Exchange Inc.,USD,1.0,USD,-
CHH,CHOICE HOTELS INTERNATIONAL INC,Consumer Discretionary,Equity,"11,730,282.36",0.02,"11,730,282.36","104,847.00",111.88,United States,New York Stock Exchange Inc.,USD,1.0,USD,-
SCI,SERVICE,Consumer Discretionary,Equity,"11,343,812.22",0.02,"11,343,812.22","178,446.00",63.57,United States,New York Stock Exchange Inc.,USD,1.0,USD,-
RARE,ULTRAGENYX PHARMACEUTICAL INC,Health Care,Equity,"11,185,564.00",0.02,"11,185,564.00","222,820.00",50.20,United States,NASDAQ,USD,1.0,USD,-
WEX,WEX INC,Financials,Equity,"11,110,428.86",0.02,"11,110,428.86","64,513.00",172.22,United States,New York Stock Exchange Inc.,USD,1.0,USD,-
FOUR,SHIFT4 PAYMENTS INC CLASS A,Financials,Equity,"11,055,781.80",0.02,"11,055,781.80","179,070.00",61.74,United States,New York Stock Exchange Inc.,USD,1.0,USD,-
SUI,SUN COMMUNITIES REIT INC,Real Estate,Equity,"11,046,976.92",0.02,"11,046,976.92","88,284.00",125.13,United States,New York Stock Exchange Inc.,USD,1.0,USD,-
HRB,H&R BLOCK INC,Consumer Discretionary,Equity,"10,567,290.00",0.02,"10,567,290.00","324,150.00",32.60,United States,New York Stock Exchange Inc.,USD,1.0,USD,-
XYL,XYLEM INC,Industrials,Equity,"10,327,233.39",0.01,"10,327,233.39","93,013.00",111.03,United States,New York Stock Exchange Inc.,USD,1.0,USD,-
LYV,LIVE NATION ENTERTAINMENT INC,Communication,Equity,"10,227,638.16",0.01,"10,227,638.16","116,541.00",87.76,United States,New York Stock Exchange Inc.,USD,1.0,USD,-
WTW,WILLIS TOWERS WATSON PLC,Financials,Equity,"10,209,023.12",0.01,"10,209,023.12","43,906.00",232.52,United States,NASDAQ,USD,1.0,USD,-
LYFT,LYFT INC CLASS A,Industrials,Equity,"10,201,141.40",0.01,"10,201,141.40","1,010,014.00",10.10,United States,NASDAQ,USD,1.0,USD,-
KBR,KBR INC,Industrials,Equity,"10,156,463.04",0.01,"10,156,463.04","162,192.00",62.62,United States,New York Stock Exchange Inc.,USD,1.0,USD,-
DCI,DONALDSON INC,Industrials,Equity,"10,043,008.45",0.01,"10,043,008.45","165,535.00",60.67,United States,New York Stock Exchange Inc.,USD,1.0,USD,-
YETI,YETI HOLDINGS INC,Consumer Discretionary,Equity,"10,001,057.90",0.01,"10,001,057.90","278,581.00",35.90,United States,New York Stock Exchange Inc.,USD,1.0,USD,-
SEE,SEALED AIR CORP,Materials,Equity,"9,969,093.86",0.01,"9,969,093.86","261,931.00",38.06,United States,New York Stock Exchange Inc.,USD,1.0,USD,-
WSO,WATSCO INC,Industrials,Equity,"9,948,858.99",0.01,"9,948,858.99","27,237.00",365.27,United States,New York Stock Exchange Inc.,USD,1.0,USD,-
BJ,BJS WHOLESALE CLUB HOLDINGS INC,Consumer Staples,Equity,"9,536,136.48",0.01,"9,536,136.48","151,632.00",62.89,United States,New York Stock Exchange Inc.,USD,1.0,USD,-
OLED,UNIVERSAL DISPLAY CORP,Information Technology,Equity,"9,456,953.90",0.01,"9,456,953.90","69,562.00",135.95,United States,NASDAQ,USD,1.0,USD,-
EME,EMCOR GROUP INC,Industrials,Equity,"9,382,094.20",0.01,"9,382,094.20","53,444.00",175.55,United States,New York Stock Exchange Inc.,USD,1.0,USD,-
JBHT,JB HUNT TRANSPORT SERVICES INC,Industrials,Equity,"9,360,568.12",0.01,"9,360,568.12","53,434.00",175.18,United States,NASDAQ,USD,1.0,USD,-
TW,TRADEWEB MARKETS INC CLASS A,Financials,Equity,"9,103,141.66",0.01,"9,103,141.66","131,207.00",69.38,United States,NASDAQ,USD,1.0,USD,-
ICLR,ICON PLC,Health Care,Equity,"9,057,273.94",0.01,"9,057,273.94","40,018.00",226.33,United States,NASDAQ,USD,1.0,USD,-
VST,VISTRA CORP,Utilities,Equity,"9,034,343.40",0.01,"9,034,343.40","359,934.00",25.10,United States,New York Stock Exchange Inc.,USD,1.0,USD,-
SAM,BOSTON BEER INC CLASS A,Consumer Staples,Equity,"8,999,506.00",0.01,"8,999,506.00","28,780.00",312.70,United States,New York Stock Exchange Inc.,USD,1.0,USD,-
ALGM,ALLEGRO MICROSYSTEMS INC,Information Technology,Equity,"8,826,551.25",0.01,"8,826,551.25","213,977.00",41.25,United States,NASDAQ,USD,1.0,USD,-
PLNT,PLANET FITNESS INC CLASS A,Consumer Discretionary,Equity,"8,800,252.20",0.01,"8,800,252.20","133,946.00",65.70,United States,New York Stock Exchange Inc.,USD,1.0,USD,-
RNG,RINGCENTRAL INC CLASS A,Information Technology,Equity,"8,756,040.03",0.01,"8,756,040.03","273,029.00",32.07,United States,New York Stock Exchange Inc.,USD,1.0,USD,-
EEFT,EURONET WORLDWIDE INC,Financials,Equity,"8,711,103.15",0.01,"8,711,103.15","77,743.00",112.05,United States,NASDAQ,USD,1.0,USD,-
AYX,ALTERYX INC CLASS A,Information Technology,Equity,"8,644,216.20",0.01,"8,644,216.20","201,732.00",42.85,United States,New York Stock Exchange Inc.,USD,1.0,USD,-
BFA,BROWN FORMAN CORP CLASS A,Consumer Staples,Equity,"8,507,478.14",0.01,"8,507,478.14","128,009.00",66.46,United States,New York Stock Exchange Inc.,USD,1.0,USD,-
AJG,ARTHUR J GALLAGHER,Financials,Equity,"8,305,273.86",0.01,"8,305,273.86","39,091.00",212.46,United States,New York Stock Exchange Inc.,USD,1.0,USD,-
RNR,RENAISSANCERE HOLDING LTD,Financials,Equity,"8,051,120.67",0.01,"8,051,120.67","42,873.00",187.79,United States,New York Stock Exchange Inc.,USD,1.0,USD,-
ZBRA,ZEBRA TECHNOLOGIES CORP CLASS A,Information Technology,Equity,"8,024,794.47",0.01,"8,024,794.47","30,359.00",264.33,United States,NASDAQ,USD,1.0,USD,-
SBAC,SBA COMMUNICATIONS REIT CORP CLASS,Real Estate,Equity,"7,974,663.84",0.01,"7,974,663.84","35,748.00",223.08,United States,NASDAQ,USD,1.0,USD,-
GTLB,GITLAB INC CLASS A,Information Technology,Equity,"7,833,822.06",0.01,"7,833,822.06","160,991.00",48.66,United States,NASDAQ,USD,1.0,USD,-
EXPD,EXPEDITORS INTERNATIONAL OF WASHIN,Industrials,Equity,"7,829,867.85",0.01,"7,829,867.85","68,413.00",114.45,United States,NASDAQ,USD,1.0,USD,-
SMG,SCOTTS MIRACLE GRO,Materials,Equity,"7,806,687.00",0.01,"7,806,687.00","136,005.00",57.40,United States,New York Stock Exchange Inc.,USD,1.0,USD,-
GEHC,GE HEALTHCARE TECHNOLOGIES INC,Health Care,Equity,"7,797,615.80",0.01,"7,797,615.80","97,690.00",79.82,United States,NASDAQ,USD,1.0,USD,-
WSC,WILLSCOT MOBILE MINI HOLDINGS CORP,Industrials,Equity,"7,520,907.10",0.01,"7,520,907.10","163,285.00",46.06,United States,NASDAQ,USD,1.0,USD,-
ROIV,ROIVANT SCIENCES LTD,Health Care,Equity,"7,451,586.80",0.01,"7,451,586.80","760,366.00",9.80,United States,NASDAQ,USD,1.0,USD,-
SITE,SITEONE LANDSCAPE SUPPLY INC,Industrials,Equity,"7,443,568.36",0.01,"7,443,568.36","47,147.00",157.88,United States,New York Stock Exchange Inc.,USD,1.0,USD,-
PTON,PELOTON INTERACTIVE CLASS A INC,Consumer Discretionary,Equity,"7,423,436.58",0.01,"7,423,436.58","1,015,518.00",7.31,United States,NASDAQ,USD,1.0,USD,-
BBY,BEST BUY CO INC,Consumer Discretionary,Equity,"6,960,353.93",0.01,"6,960,353.93","87,961.00",79.13,United States,New York Stock Exchange Inc.,USD,1.0,USD,-
OTIS,OTIS WORLDWIDE CORP,Industrials,Equity,"6,944,148.00",0.01,"6,944,148.00","80,400.00",86.37,United States,New York Stock Exchange Inc.,USD,1.0,USD,-
BMRN,BIOMARIN PHARMACEUTICAL INC,Health Care,Equity,"6,803,621.00",0.01,"6,803,621.00","72,766.00",93.50,United States,NASDAQ,USD,1.0,USD,-
CHPT,CHARGEPOINT HOLDINGS INC CLASS A,Industrials,Equity,"6,778,272.96",0.01,"6,778,272.96","920,961.00",7.36,United States,New York Stock Exchange Inc.,USD,1.0,USD,-
RPM,RPM INTERNATIONAL INC,Materials,Equity,"6,576,065.10",0.01,"6,576,065.10","80,030.00",82.17,United States,New York Stock Exchange Inc.,USD,1.0,USD,-
PEGA,PEGASYSTEMS INC,Information Technology,Equity,"6,555,841.23",0.01,"6,555,841.23","133,493.00",49.11,United States,NASDAQ,USD,1.0,USD,-
RE,EVEREST RE GROUP LTD,Financials,Equity,"6,508,086.48",0.01,"6,508,086.48","18,828.00",345.66,United States,New York Stock Exchange Inc.,USD,1.0,USD,-
NCLH,NORWEGIAN CRUISE LINE HOLDINGS LTD,Consumer Discretionary,Equity,"6,511,454.80",0.01,"6,511,454.80","335,642.00",19.40,United States,New York Stock Exchange Inc.,USD,1.0,USD,-
FMC,FMC CORP,Materials,Equity,"6,482,094.84",0.01,"6,482,094.84","61,308.00",105.73,United States,New York Stock Exchange Inc.,USD,1.0,USD,-
NXST,NEXSTAR MEDIA GROUP INC,Communication,Equity,"6,115,168.54",0.01,"6,115,168.54","38,662.00",158.17,United States,NASDAQ,USD,1.0,USD,-
TWLO,TWILIO INC CLASS A,Information Technology,Equity,"5,893,065.08",0.01,"5,893,065.08","92,036.00",64.03,United States,New York Stock Exchange Inc.,USD,1.0,USD,-
NFE,NEW FORTRESS ENERGY INC CLASS A,Energy,Equity,"5,854,378.88",0.01,"5,854,378.88","213,352.00",27.44,United States,NASDAQ,USD,1.0,USD,-
LBRDK,LIBERTY BROADBAND CORP SERIES C,Communication,Equity,"5,620,466.80",0.01,"5,620,466.80","79,430.00",70.76,United States,NASDAQ,USD,1.0,USD,-
FERG,FERGUSON PLC,Industrials,Equity,"5,531,519.50",0.01,"5,531,519.50","36,725.00",150.62,United States,New York Stock Exchange Inc.,USD,1.0,USD,-
HCP,HASHICORP INC CLASS A,Information Technology,Equity,"5,496,314.48",0.01,"5,496,314.48","209,224.00",26.27,United States,NASDAQ,USD,1.0,USD,-
DOCS,DOXIMITY INC CLASS A,Health Care,Equity,"5,449,173.05",0.01,"5,449,173.05","170,021.00",32.05,United States,New York Stock Exchange Inc.,USD,1.0,USD,-
W,WAYFAIR INC CLASS A,Consumer Discretionary,Equity,"5,438,412.30",0.01,"5,438,412.30","94,845.00",57.34,United States,New York Stock Exchange Inc.,USD,1.0,USD,-
G,GENPACT LTD,Industrials,Equity,"5,410,742.09",0.01,"5,410,742.09","147,071.00",36.79,United States,New York Stock Exchange Inc.,USD,1.0,USD,-
VVV,VALVOLINE INC,Consumer Discretionary,Equity,"5,341,459.62",0.01,"5,341,459.62","148,127.00",36.06,United States,New York Stock Exchange Inc.,USD,1.0,USD,-
NVR,NVR INC,Consumer Discretionary,Equity,"5,328,581.65",0.01,"5,328,581.65",865.00,"6,160.21",United States,New York Stock Exchange Inc.,USD,1.0,USD,-
VNT,VONTIER CORP,Information Technology,Equity,"5,305,956.08",0.01,"5,305,956.08","173,284.00",30.62,United States,New York Stock Exchange Inc.,USD,1.0,USD,-
CAR,AVIS BUDGET GROUP INC,Industrials,Equity,"5,182,096.74",0.01,"5,182,096.74","23,154.00",223.81,United States,NASDAQ,USD,1.0,USD,-
GEN,GEN DIGITAL INC,Information Technology,Equity,"5,043,135.02",0.01,"5,043,135.02","284,762.00",17.71,United States,NASDAQ,USD,1.0,USD,-
NTNX,NUTANIX INC CLASS A,Information Technology,Equity,"5,033,452.48",0.01,"5,033,452.48","183,904.00",27.37,United States,NASDAQ,USD,1.0,USD,-
TTEK,TETRA TECH INC,Industrials,Equity,"5,021,872.00",0.01,"5,021,872.00","31,600.00",158.92,United States,NASDAQ,USD,1.0,USD,-
SLM,SLM CORP,Financials,Equity,"4,975,889.10",0.01,"4,975,889.10","312,949.00",15.90,United States,NASDAQ,USD,1.0,USD,-
UHALB,U HAUL NON VOTING SERIES N,Industrials,Equity,"4,774,070.34",0.01,"4,774,070.34","102,141.00",46.74,United States,New York Stock Exchange Inc.,USD,1.0,USD,-
EBAY,EBAY INC,Consumer Discretionary,Equity,"4,736,741.29",0.01,"4,736,741.29","109,217.00",43.37,United States,NASDAQ,USD,1.0,USD,-
FCNCA,FIRST CITIZENS BANCSHARES INC CLAS,Financials,Equity,"4,709,056.86",0.01,"4,709,056.86","3,897.00","1,208.38",United States,NASDAQ,USD,1.0,USD,-
OKE,ONEOK INC,Energy,Equity,"4,674,447.63",0.01,"4,674,447.63","81,027.00",57.69,United States,New York Stock Exchange Inc.,USD,1.0,USD,-
DAL,DELTA AIR LINES INC,Industrials,Equity,"4,623,479.64",0.01,"4,623,479.64","107,874.00",42.86,United States,New York Stock Exchange Inc.,USD,1.0,USD,-
APP,APPLOVIN CORP CLASS A,Information Technology,Equity,"4,511,416.42",0.01,"4,511,416.42","192,878.00",23.39,United States,NASDAQ,USD,1.0,USD,-
TNL,TRAVEL LEISURE,Consumer Discretionary,Equity,"4,253,376.00",0.01,"4,253,376.00","110,765.00",38.40,United States,New York Stock Exchange Inc.,USD,1.0,USD,-
TPX,TEMPUR SEALY INTERNATIONAL INC,Consumer Discretionary,Equity,"4,202,102.80",0.01,"4,202,102.80","111,580.00",37.66,United States,New York Stock Exchange Inc.,USD,1.0,USD,-
SHC,SOTERA HEALTH COMPANY,Health Care,Equity,"4,113,863.25",0.01,"4,113,863.25","228,675.00",17.99,United States,NASDAQ,USD,1.0,USD,-
IEX,IDEX CORP,Industrials,Equity,"4,097,550.24",0.01,"4,097,550.24","20,181.00",203.04,United States,New York Stock Exchange Inc.,USD,1.0,USD,-
AM,ANTERO MIDSTREAM CORP,Energy,Equity,"4,006,438.86",0.01,"4,006,438.86","373,039.00",10.74,United States,New York Stock Exchange Inc.,USD,1.0,USD,-
CASY,CASEYS GENERAL STORES INC,Consumer Staples,Equity,"3,968,843.56",0.01,"3,968,843.56","17,666.00",224.66,United States,NASDAQ,USD,1.0,USD,-
OLLI,OLLIES BARGAIN OUTLET HOLDINGS INC,Consumer Discretionary,Equity,"3,866,003.04",0.01,"3,866,003.04","65,172.00",59.32,United States,NASDAQ,USD,1.0,USD,-
RLI,RLI CORP,Financials,Equity,"3,844,918.28",0.01,"3,844,918.28","29,279.00",131.32,United States,New York Stock Exchange Inc.,USD,1.0,USD,-
FCN,FTI CONSULTING INC,Industrials,Equity,"3,817,101.60",0.01,"3,817,101.60","20,280.00",188.22,United States,New York Stock Exchange Inc.,USD,1.0,USD,-
EXR,EXTRA SPACE STORAGE REIT INC,Real Estate,Equity,"3,613,591.80",0.01,"3,613,591.80","25,455.00",141.96,United States,New York Stock Exchange Inc.,USD,1.0,USD,-
VRSN,VERISIGN INC,Information Technology,Equity,"3,498,784.64",0.0,"3,498,784.64","15,808.00",221.33,United States,NASDAQ,USD,1.0,USD,-
BWXT,BWX TECHNOLOGIES INC,Industrials,Equity,"3,477,141.20",0.0,"3,477,141.20","51,437.00",67.60,United States,New York Stock Exchange Inc.,USD,1.0,USD,-
MSA,MSA SAFETY INC,Industrials,Equity,"3,329,832.48",0.0,"3,329,832.48","20,514.00",162.32,United States,New York Stock Exchange Inc.,USD,1.0,USD,-
WSM,WILLIAMS SONOMA INC,Consumer Discretionary,Equity,"3,327,831.20",0.0,"3,327,831.20","27,695.00",120.16,United States,New York Stock Exchange Inc.,USD,1.0,USD,-
MTN,VAIL RESORTS INC,Consumer Discretionary,Equity,"3,178,396.98",0.0,"3,178,396.98","13,046.00",243.63,United States,New York Stock Exchange Inc.,USD,1.0,USD,-
ROKU,ROKU INC CLASS A,Communication,Equity,"3,150,274.36",0.0,"3,150,274.36","50,348.00",62.57,United States,NASDAQ,USD,1.0,USD,-
AWI,ARMSTRONG WORLD INDUSTRIES INC,Industrials,Equity,"3,035,369.89",0.0,"3,035,369.89","43,061.00",70.49,United States,New York Stock Exchange Inc.,USD,1.0,USD,-
AOS,A O SMITH CORP,Industrials,Equity,"3,006,067.91",0.0,"3,006,067.91","43,259.00",69.49,United States,New York Stock Exchange Inc.,USD,1.0,USD,-
SAIA,SAIA INC,Industrials,Equity,"3,009,785.71",0.0,"3,009,785.71","9,623.00",312.77,United States,NASDAQ,USD,1.0,USD,-
LOPE,GRAND CANYON EDUCATION INC,Consumer Discretionary,Equity,"2,807,622.48",0.0,"2,807,622.48","27,768.00",101.11,United States,NASDAQ,USD,1.0,USD,-
MRVI,MARAVAI LIFESCIENCES HOLDINGS INC,Health Care,Equity,"2,738,648.59",0.0,"2,738,648.59","209,537.00",13.07,United States,NASDAQ,USD,1.0,USD,-
ENTG,ENTEGRIS INC,Information Technology,Equity,"2,649,277.98",0.0,"2,649,277.98","25,587.00",103.54,United States,NASDAQ,USD,1.0,USD,-
CDAY,CERIDIAN HCM HOLDING INC,Industrials,Equity,"2,652,247.24",0.0,"2,652,247.24","41,794.00",63.46,United States,New York Stock Exchange Inc.,USD,1.0,USD,-
FRPT,FRESHPET INC,Consumer Staples,Equity,"2,558,610.80",0.0,"2,558,610.80","41,368.00",61.85,United States,NASDAQ,USD,1.0,USD,-
RH,RH,Consumer Discretionary,Equity,"2,556,341.32",0.0,"2,556,341.32","8,788.00",290.89,United States,New York Stock Exchange Inc.,USD,1.0,USD,-
ACI,ALBERTSONS COMPANY INC CLASS A,Consumer Staples,Equity,"2,532,902.34",0.0,"2,532,902.34","118,029.00",21.46,United States,New York Stock Exchange Inc.,USD,1.0,USD,-
KMX,CARMAX INC,Consumer Discretionary,Equity,"2,512,762.87",0.0,"2,512,762.87","29,147.00",86.21,United States,New York Stock Exchange Inc.,USD,1.0,USD,-
CERT,CERTARA INC,Health Care,Equity,"2,493,494.04",0.0,"2,493,494.04","142,404.00",17.51,United States,NASDAQ,USD,1.0,USD,-
AXTA,AXALTA COATING SYSTEMS LTD,Materials,Equity,"2,440,432.26",0.0,"2,440,432.26","77,994.00",31.29,United States,New York Stock Exchange Inc.,USD,1.0,USD,-
UDR,UDR REIT INC,Real Estate,Equity,"2,435,886.27",0.0,"2,435,886.27","60,549.00",40.23,United States,New York Stock Exchange Inc.,USD,1.0,USD,-
OWL,BLUE OWL CAPITAL INC CLASS A,Financials,Equity,"2,417,181.90",0.0,"2,417,181.90","219,345.00",11.02,United States,New York Stock Exchange Inc.,USD,1.0,USD,-
OKTA,OKTA INC CLASS A,Information Technology,Equity,"2,193,286.00",0.0,"2,193,286.00","31,672.00",69.25,United States,NASDAQ,USD,1.0,USD,-
WYNN,WYNN RESORTS LTD,Consumer Discretionary,Equity,"2,175,070.80",0.0,"2,175,070.80","20,874.00",104.20,United States,NASDAQ,USD,1.0,USD,-
XP,XP CLASS A INC,Financials,Equity,"2,130,010.40",0.0,"2,130,010.40","90,832.00",23.45,United States,NASDAQ,USD,1.0,USD,-
TPR,TAPESTRY INC,Consumer Discretionary,Equity,"2,135,373.24",0.0,"2,135,373.24","49,764.00",42.91,United States,New York Stock Exchange Inc.,USD,1.0,USD,-
BFAM,BRIGHT HORIZONS FAMILY SOLUTIONS I,Consumer Discretionary,Equity,"2,112,158.32",0.0,"2,112,158.32","23,458.00",90.04,United States,New York Stock Exchange Inc.,USD,1.0,USD,-
WU,WESTERN UNION,Financials,Equity,"2,059,287.25",0.0,"2,059,287.25","181,435.00",11.35,United States,New York Stock Exchange Inc.,USD,1.0,USD,-
UI,UBIQUITI INC,Information Technology,Equity,"1,975,798.55",0.0,"1,975,798.55","11,551.00",171.05,United States,New York Stock Exchange Inc.,USD,1.0,USD,-
DKS,DICKS SPORTING INC,Consumer Discretionary,Equity,"1,971,854.21",0.0,"1,971,854.21","14,653.00",134.57,United States,New York Stock Exchange Inc.,USD,1.0,USD,-
VSCO,VICTORIA S SECRET,Consumer Discretionary,Equity,"1,948,602.24",0.0,"1,948,602.24","114,894.00",16.96,United States,New York Stock Exchange Inc.,USD,1.0,USD,-
PYCR,PAYCOR HCM INC,Industrials,Equity,"1,872,265.60",0.0,"1,872,265.60","83,360.00",22.46,United States,NASDAQ,USD,1.0,USD,-
VRT,VERTIV HOLDINGS CLASS A,Industrials,Equity,"1,837,773.60",0.0,"1,837,773.60","77,740.00",23.64,United States,New York Stock Exchange Inc.,USD,1.0,USD,-
PII,POLARIS INC,Consumer Discretionary,Equity,"1,802,730.72",0.0,"1,802,730.72","15,627.00",115.36,United States,New York Stock Exchange Inc.,USD,1.0,USD,-
RKT,ROCKET COMPANIES INC CLASS A,Financials,Equity,"1,772,997.03",0.0,"1,772,997.03","205,923.00",8.61,United States,New York Stock Exchange Inc.,USD,1.0,USD,-
BLD,TOPBUILD CORP,Consumer Discretionary,Equity,"1,701,400.34",0.0,"1,701,400.34","6,782.00",250.87,United States,New York Stock Exchange Inc.,USD,1.0,USD,-
TPG,TPG INC CLASS A,Financials,Equity,"1,670,370.50",0.0,"1,670,370.50","61,298.00",27.25,United States,NASDAQ,USD,1.0,USD,-
SKX,SKECHERS USA INC CLASS A,Consumer Discretionary,Equity,"1,631,967.64",0.0,"1,631,967.64","32,138.00",50.78,United States,New York Stock Exchange Inc.,USD,1.0,USD,-
ALSN,ALLISON TRANSMISSION HOLDINGS INC,Industrials,Equity,"1,565,824.26",0.0,"1,565,824.26","29,029.00",53.94,United States,New York Stock Exchange Inc.,USD,1.0,USD,-
BC,BRUNSWICK CORP,Consumer Discretionary,Equity,"1,508,949.86",0.0,"1,508,949.86","18,689.00",80.74,United States,New York Stock Exchange Inc.,USD,1.0,USD,-
AMBP,ARDAGH METAL PACKAGING SA,Materials,Equity,"1,467,642.76",0.0,"1,467,642.76","439,414.00",3.34,United States,New York Stock Exchange Inc.,USD,1.0,USD,-
EHC,ENCOMPASS HEALTH CORP,Health Care,Equity,"1,438,997.08",0.0,"1,438,997.08","22,118.00",65.06,United States,New York Stock Exchange Inc.,USD,1.0,USD,-
VMI,VALMONT INDS INC,Industrials,Equity,"1,337,027.72",0.0,"1,337,027.72","4,508.00",296.59,United States,New York Stock Exchange Inc.,USD,1.0,USD,-
WH,WYNDHAM HOTELS RESORTS INC,Consumer Discretionary,Equity,"1,306,213.09",0.0,"1,306,213.09","19,663.00",66.43,United States,New York Stock Exchange Inc.,USD,1.0,USD,-
S,SENTINELONE INC CLASS A,Information Technology,Equity,"1,283,725.05",0.0,"1,283,725.05","83,089.00",15.45,United States,New York Stock Exchange Inc.,USD,1.0,USD,-
LNC,LINCOLN NATIONAL CORP,Financials,Equity,"1,231,185.72",0.0,"1,231,185.72","51,774.00",23.78,United States,New York Stock Exchange Inc.,USD,1.0,USD,-
HLI,HOULIHAN LOKEY INC CLASS A,Financials,Equity,"1,137,113.90",0.0,"1,137,113.90","12,115.00",93.86,United States,New York Stock Exchange Inc.,USD,1.0,USD,-
SPR,SPIRIT AEROSYSTEMS INC CLASS A,Industrials,Equity,"996,622.70",0.0,"996,622.70","35,467.00",28.10,United States,New York Stock Exchange Inc.,USD,1.0,USD,-
BHF,BRIGHTHOUSE FINANCIAL INC,Financials,Equity,"987,711.12",0.0,"987,711.12","22,392.00",44.11,United States,NASDAQ,USD,1.0,USD,-
DNA,GINKGO BIOWORKS HOLDINGS INC CLASS,Materials,Equity,"900,986.40",0.0,"900,986.40","529,992.00",1.70,United States,New York Stock Exchange Inc.,USD,1.0,USD,-
CABO,CABLE ONE INC,Communication,Equity,"848,794.45",0.0,"848,794.45","1,337.00",634.85,United States,New York Stock Exchange Inc.,USD,1.0,USD,-
LBRDA,LIBERTY BROADBAND CORP SERIES A,Communication,Equity,"790,691.94",0.0,"790,691.94","11,241.00",70.34,United States,NASDAQ,USD,1.0,USD,-
PLTK,PLAYTIKA HOLDING CORP,Communication,Equity,"769,622.84",0.0,"769,622.84","65,836.00",11.69,United States,NASDAQ,USD,1.0,USD,-
TNDM,TANDEM DIABETES CARE INC,Health Care,Equity,"716,586.52",0.0,"716,586.52","28,652.00",25.01,United States,NASDAQ,USD,1.0,USD,-
UWMC,UWM HOLDINGS CORP CLASS A,Financials,Equity,"622,816.02",0.0,"622,816.02","109,458.00",5.69,United States,New York Stock Exchange Inc.,USD,1.0,USD,-
NCNO,NCINO INC,Information Technology,Equity,"613,734.51",0.0,"613,734.51","20,451.00",30.01,United States,NASDAQ,USD,1.0,USD,-
UHAL,U HAUL HOLDING,Industrials,Equity,"602,586.06",0.0,"602,586.06","11,346.00",53.11,United States,New York Stock Exchange Inc.,USD,1.0,USD,-
INFA,INFORMATICA INC CLASS A,Information Technology,Equity,"361,047.69",0.0,"361,047.69","20,159.00",17.91,United States,New York Stock Exchange Inc.,USD,1.0,USD,-
ESU3,S&P500 EMINI SEP 23,Cash and/or Derivatives,Futures,0.00,0.0,"116,089,050.00",529.00,"4,389.00",-,Index And Options Market,USD,1.0,USD,-
NQU3,NASDAQ 100 E-MINI SEP 23,Cash and/or Derivatives,Futures,0.00,0.0,"151,787,160.00",504.00,"15,058.25",-,Index And Options Market,USD,1.0,USD,-
,,,,,,,,,,,,,,
"The content contained herein is owned or licensed by BlackRock and/or its third-party information providers and is protected by applicable copyrights, trademarks, service marks, and/or other intellectual property rights. Such content is solely for your personal, non-commercial use. Accordingly, you may not copy, distribute, modify, post, frame or deep link this content. You may download material displayed on this Website for your personal use provided you also retain all copyright and other proprietary notices contained on the materials. Modification or use of the materials for any other purpose violates BlackRock's intellectual property rights.
Holdings subject to change. See www.iShares.com for the most recent funds holdings.
The values for price shown herein generally represent a price provided by a third-party pricing vendor for the portfolio holding and do not reflect the impact of systematic fair valuation (the vendor price). The vendor price is not necessarily the price at which the Fund values the portfolio holding for the purposes of determining its net asset value (the valuation price). Additionally, where applicable, foreign currency exchange rates with respect to the portfolio holdings denominated in non-U.S. currencies for the valuation price will be generally determined as of the close of business on the New York Stock Exchange, whereas for the vendor price will be generally determined as of 4 p.m. London. The values shown herein for market value, weight, and notional value (the calculated values) are based off of the vendor price and may have been different if the valuation price were to have been used to calculate such values. The vendor price is as of the most recent practicable date and may not necessarily be as of the date shown above.
Please see the Determination of Net Asset Value section of each Funds prospectus for additional information on the Funds valuation policies and procedures.
CAREFULLY CONSIDER THE FUNDS' INVESTMENT OBJECTIVES, RISK FACTORS, AND CHARGES AND EXPENSES BEFORE INVESTING. THIS AND OTHER INFORMATION CAN BE FOUND IN THE FUNDS' PROSPECTUSES OR, IF AVAILABLE, THE SUMMARY PROSPECTUSES WHICH MAY BE OBTAINED BY VISITING WWW.ISHARES.COM OR WWW.BLACKROCK.COM. READ THE PROSPECTUS CAREFULLY BEFORE INVESTING. INVESTING INVOLVES RISK, INCLUDING POSSIBLE LOSS OF PRINCIPAL.
This information should not be relied upon as research, investment advice, or a recommendation regarding any products, strategies, or any security in particular.
This material is strictly for illustrative, educational, or informational purposes and is subject to change.
The Funds are distributed by BlackRock Investments, LLC (together with its affiliates, BlackRock).
The iShares Funds are not sponsored, endorsed, issued, sold or promoted by Bloomberg, BlackRock Index Services, LLC, Cboe Global Indices, LLC, Cohen & Steers, European Public Real Estate Association (EPRA ), FTSE International Limited (FTSE), ICE Data Indices, LLC, NSE Indices Ltd, JPMorgan, JPX Group, London Stock Exchange Group (LSEG), MSCI Inc., Markit Indices Limited, Morningstar, Inc., Nasdaq, Inc., National Association of Real Estate Investment Trusts (NAREIT), Nikkei, Inc., Russell, S&P Dow Jones Indices LLC or STOXX Ltd. None of these companies make any representation regarding the advisability of investing in the Funds. With the exception of BlackRock Index Services, LLC, who is an affiliate, BlackRock Investments, LLC is not affiliated with the companies listed above. Neither FTSE, LSEG, nor NAREIT makes any warranty regarding the FTSE Nareit Equity REITS Index, FTSE Nareit All Residential Capped Index or FTSE Nareit All Mortgage Capped Index. Neither FTSE, EPRA, LSEG, nor NAREIT makes any warranty regarding the FTSE EPRA Nareit Developed ex-U.S. Index, FTSE EPRA Nareit Developed Green Target Index or FTSE EPRA Nareit Global REITs Index. FTSE is a trademark of London Stock Exchange Group companies and is used by FTSE under license.
2023 BlackRock, Inc or its affiliates. All rights reserved. iSHARES, iBONDS and BLACKROCK are trademarks of BlackRock, Inc. or its affiliates. All other trademarks are those of their respective owners.
iCRMH0323U/S-2742939",,,,,,,,,,,,,,
